Name,Age,Tm,Lg,G,PA,AB,R,H,2B,3B,HR,RBI,SB,CS,BB,SO,BA,OBP,SLG,OPS,OPS+,TB,GDP,HBP,SH,SF,IBB,Pos Summary
Cliff Aberson,26,CHC,NL,12,37,32,1,6,1,0,1,6,0,,5,10,0.188,0.297,0.313,0.61,69,10,0,0,0,,,/7O
Bobby Adams,26,CIN,NL,87,294,262,33,78,20,3,1,21,6,,25,23,0.298,0.361,0.408,0.77,110,107,5,1,7,,,4/5
Herb Adams*,20,CHW,AL,5,13,11,1,3,1,0,0,0,0,0,1,1,0.273,0.333,0.364,0.697,88,4,0,0,1,,,/O89
Andy Anderson,25,SLB,AL,51,96,87,13,24,5,1,1,12,0,0,8,15,0.276,0.337,0.391,0.728,91,34,7,0,1,,,46/3
Hub Andrews,25,NYG,NL,1,0,0,0,0,0,0,0,0,0,,0,0,,,,,,0,0,0,0,,,/1
Johnny Antonelli*,18,BSN,NL,4,0,0,0,0,0,0,0,0,0,,0,0,,,,,,0,0,0,0,,,/1
Luke Appling,41,CHW,AL,139,594,497,63,156,16,2,0,47,10,4,94,35,0.314,0.423,0.354,0.777,111,176,17,0,3,,,56
Hank Arft*,26,SLB,AL,69,296,248,25,59,10,3,5,38,1,2,45,43,0.238,0.355,0.363,0.718,89,90,7,0,3,,,3
Richie Ashburn*,21,PHI,NL,117,530,463,78,154,17,4,2,40,32,,60,22,0.333,0.41,0.4,0.81,123,185,1,1,6,,,*O87
Bill Baker,37,STL,NL,45,134,119,13,35,10,1,0,15,1,,15,7,0.294,0.373,0.395,0.768,103,47,4,0,0,,,2
Floyd Baker*,31,CHW,AL,104,411,335,47,72,8,3,0,18,4,10,73,26,0.215,0.359,0.257,0.615,68,86,5,2,2,,,54/6
Hal Bamberger*,23,NYG,NL,7,13,12,0,1,0,0,0,0,0,,1,2,0.083,0.154,0.083,0.237,-35,1,0,0,0,,,/O98
Jack Banta*,23,BRO,NL,2,1,1,0,0,0,0,0,0,0,,0,0,0,0,0,0,-100,0,0,0,0,,,/1
Rex Barney,23,BRO,NL,44,90,84,5,14,0,0,0,2,0,,2,40,0.167,0.186,0.167,0.353,-5,14,2,0,4,,,1
Red Barrett,33,BSN,NL,34,44,39,0,7,0,0,0,3,0,,0,11,0.179,0.179,0.179,0.359,-2,7,2,0,4,,,1
Monty Basgall,26,PIT,NL,38,56,51,12,11,1,0,2,6,0,,3,5,0.216,0.259,0.353,0.612,63,18,1,0,0,,,4
Matt Batts,26,BOS,AL,46,137,118,13,37,12,0,1,24,0,0,15,9,0.314,0.391,0.441,0.832,116,52,4,0,4,,,2
Hank Bauer,25,NYY,AL,19,56,50,6,9,1,1,1,9,1,0,6,13,0.18,0.268,0.3,0.568,51,15,0,0,0,,,O/79
Frank Baumholtz*,29,CIN,NL,128,450,415,57,123,19,5,4,30,8,,27,32,0.296,0.344,0.395,0.739,102,164,6,3,4,,,*O98
Ted Beard*,27,PIT,NL,25,95,81,15,16,1,3,0,7,5,,12,18,0.198,0.316,0.284,0.6,62,23,0,2,0,,,8O
Gene Bearden*,27,CLE,AL,37,97,90,14,23,3,0,2,14,0,0,5,9,0.256,0.295,0.356,0.65,75,32,2,0,2,,,1
Johnny Beazley,30,BSN,NL,3,5,4,0,0,0,0,0,0,0,,0,1,0,0,0,0,-100,0,0,0,1,,,/1
Clarence Beers,29,STL,NL,1,0,0,0,0,0,0,0,0,0,,0,0,,,,,,0,0,0,0,,,/1
Joe Beggs,37,NYG,NL,1,0,0,0,0,0,0,0,0,0,,0,0,,,,,,0,0,0,0,,,/1
Hank Behrman,27,BRO,NL,34,33,28,2,3,0,0,0,1,0,,1,12,0.107,0.138,0.107,0.245,-34,3,0,0,4,,,1
Al Benton,37,DET,AL,30,13,11,1,2,1,0,0,1,0,0,0,6,0.182,0.182,0.273,0.455,18,3,0,0,2,,,1
Johnny Berardino,31,CLE,AL,66,179,147,19,28,5,1,2,10,0,1,27,16,0.19,0.328,0.279,0.607,64,41,6,3,2,,,436/5
Johnny Bero*,25,DET,AL,4,10,9,2,0,0,0,0,0,0,0,1,1,0,0.1,0,0.1,-72,0,0,0,0,,,/4
Yogi Berra*,23,NYY,AL,125,497,469,70,143,24,10,14,98,3,3,25,24,0.305,0.341,0.488,0.83,120,229,9,1,2,,,2O9
Neil Berry,26,DET,AL,87,301,256,46,68,8,1,0,16,1,3,37,23,0.266,0.358,0.305,0.663,75,78,4,0,8,,,64
Vern Bickford,27,BSN,NL,33,57,49,3,10,2,0,0,7,0,,2,12,0.204,0.235,0.245,0.48,31,12,1,0,6,,,1
Charlie Bicknell,19,PHI,NL,17,5,5,0,0,0,0,0,0,0,,0,2,0,0,0,0,-100,0,0,0,0,,,1
George Binks*,33,TOT,AL,32,71,64,4,9,1,0,0,3,1,0,4,3,0.141,0.191,0.156,0.347,-8,10,1,0,3,,,9/37
George Binks*,33,PHA,AL,17,44,41,2,4,1,0,0,2,1,0,2,2,0.098,0.14,0.122,0.261,-30,5,1,0,1,,,O9/7
George Binks*,33,SLB,AL,15,27,23,2,5,0,0,0,1,0,0,2,1,0.217,0.28,0.217,0.497,32,5,0,0,2,,,/O397
Frank Biscan*,28,SLB,AL,47,30,26,3,5,2,0,0,2,0,0,4,7,0.192,0.3,0.269,0.569,51,7,0,0,0,,,1
Don Black,31,CLE,AL,18,16,15,1,3,0,0,0,0,0,0,0,3,0.2,0.2,0.2,0.4,8,3,0,0,1,,,1
Jim Blackburn,24,CIN,NL,16,7,6,0,0,0,0,0,0,0,,1,2,0,0.143,0,0.143,-58,0,0,0,0,,,1
Ewell Blackwell,25,CIN,NL,22,51,48,3,11,3,0,0,1,0,,0,6,0.229,0.229,0.292,0.521,42,14,4,0,3,,,1
Johnny Blatnik,27,PHI,NL,121,454,415,56,108,27,8,6,45,3,,31,77,0.26,0.315,0.407,0.722,96,169,12,2,5,,,*7O
Buddy Blattner,28,NYG,NL,8,24,20,3,4,1,0,0,0,2,,3,2,0.2,0.304,0.25,0.554,51,5,0,0,1,,,/4
Eddie Bockman,27,PIT,NL,70,195,176,23,42,7,1,4,23,2,,17,35,0.239,0.309,0.358,0.667,79,63,7,1,2,,,5/4
Tiny Bonham,34,PIT,NL,22,50,49,2,8,0,0,0,3,0,,0,7,0.163,0.163,0.163,0.327,-12,8,0,0,1,,,1
Ray Boone,24,CLE,AL,6,5,5,0,2,1,0,0,1,0,0,0,1,0.4,0.4,0.6,1,167,3,0,0,0,,,/6
Hank Borowy,32,CHC,NL,39,38,36,4,8,3,0,0,0,0,,2,8,0.222,0.263,0.306,0.569,57,11,0,0,0,,,1
Lou Boudreau,30,CLE,AL,152,676,560,116,199,34,6,18,106,3,2,98,9,0.355,0.453,0.534,0.987,165,299,15,2,16,,,*6/2
Fred Bradley,27,CHW,AL,8,1,1,0,0,0,0,0,0,0,0,0,0,0,0,0,0,-100,0,0,0,0,,,/1
Bobby Bragan,30,BRO,NL,9,14,12,0,2,0,0,0,0,0,,1,0,0.167,0.231,0.167,0.397,7,2,0,0,1,,,/2
Ralph Branca,22,BRO,NL,36,82,74,3,15,1,0,0,2,0,,5,16,0.203,0.253,0.216,0.469,26,16,3,0,3,,,1
Al Brazle*,34,STL,NL,45,56,55,5,8,1,0,0,7,0,,1,9,0.145,0.161,0.164,0.324,-14,9,1,0,0,,,1
Harry Brecheen*,33,STL,NL,33,90,82,4,12,1,1,0,2,0,,5,20,0.146,0.205,0.183,0.387,3,15,3,1,2,,,1
Lou Brissie*,24,PHA,AL,39,83,76,3,18,1,0,0,10,0,0,2,8,0.237,0.256,0.25,0.506,34,19,3,0,5,,,1
Bobby Brown*,23,NYY,AL,113,417,363,62,109,19,5,3,48,0,1,48,16,0.3,0.383,0.405,0.788,111,147,7,1,4,,,564/O79
Tommy Brown,20,BRO,NL,54,156,145,18,35,4,0,2,20,1,,7,17,0.241,0.281,0.31,0.591,57,45,5,1,3,,,5/37
Earle Brucker*,22,PHA,AL,2,7,6,0,1,1,0,0,0,0,0,1,1,0.167,0.286,0.333,0.619,64,2,0,0,0,,,/2
Johnny Bucha,23,STL,NL,2,2,1,0,0,0,0,0,0,0,,1,0,0,0.5,0,0.5,42,0,0,0,0,,,/2
Ken Burkhart,31,TOT,NL,37,15,13,3,4,1,0,1,2,0,,1,3,0.308,0.357,0.615,0.973,159,8,0,0,0,,,1
Ken Burkhart,31,STL,NL,21,5,4,2,1,1,0,0,0,0,,0,2,0.25,0.25,0.5,0.75,94,2,0,0,0,,,1
Ken Burkhart,31,CIN,NL,16,10,9,1,3,0,0,1,2,0,,1,1,0.333,0.4,0.667,1.067,188,6,0,0,0,,,1
Paul Burris,24,BSN,NL,2,4,4,0,2,0,0,0,0,0,,0,0,0.5,0.5,0.5,1,172,2,0,0,0,,,/2
Tommy Byrne*,28,NYY,AL,31,52,46,8,15,3,1,1,7,0,0,1,7,0.326,0.354,0.5,0.854,126,23,0,1,4,,,1
Putsy Caballero,20,PHI,NL,113,382,351,33,86,12,1,0,19,7,,24,18,0.245,0.293,0.285,0.578,59,100,9,0,5,,,54
Earl Caldwell,43,TOT,AL,33,10,8,0,1,0,0,0,1,0,0,2,4,0.125,0.3,0.125,0.425,16,1,0,0,0,,,1
Earl Caldwell,43,CHW,AL,25,7,5,0,0,0,0,0,1,0,0,2,3,0,0.286,0,0.286,-19,0,0,0,0,,,1
Earl Caldwell,43,BOS,AL,8,3,3,0,1,0,0,0,0,0,0,0,1,0.333,0.333,0.333,0.667,74,1,0,0,0,,,/1
Roy Campanella,26,BRO,NL,83,320,279,32,72,11,3,9,45,3,,36,45,0.258,0.345,0.416,0.761,102,116,3,1,5,,,2
Paul Campbell*,30,DET,AL,59,85,83,15,22,1,1,1,11,0,0,1,10,0.265,0.274,0.337,0.611,60,28,0,0,1,,,3
Milo Candini,30,WSH,AL,35,25,22,3,8,1,0,0,0,0,0,3,2,0.364,0.44,0.409,0.849,129,9,0,0,0,,,1
Don Carlsen,21,CHC,NL,1,0,0,0,0,0,0,0,0,0,,0,0,,,,,,0,0,0,0,,,/1
Hugh Casey,34,BRO,NL,22,8,7,0,0,0,0,0,0,0,,0,1,0,0,0,0,-100,0,0,0,1,,,1
Pete Castiglione,27,PIT,NL,4,2,2,0,0,0,0,0,0,1,,0,0,0,0,0,0,-100,0,0,0,0,,,/6
Phil Cavarretta*,31,CHC,NL,111,373,334,41,93,16,5,3,40,4,,35,29,0.278,0.349,0.383,0.732,102,128,1,1,3,,,3O79
Cliff Chambers*,26,CHC,NL,29,33,30,0,4,1,0,0,3,0,,0,3,0.133,0.133,0.167,0.3,-18,5,1,0,3,,,1
Sam Chapman,32,PHA,AL,123,506,445,58,115,18,6,13,70,6,1,55,50,0.258,0.341,0.413,0.755,99,184,18,1,5,,,*8O
Bob Chesnes#,27,PIT,NL,39,98,91,15,25,1,1,1,8,0,,7,11,0.275,0.327,0.341,0.667,79,31,3,0,0,,,1
Bob Chipman*,29,CHC,NL,34,17,16,2,4,0,0,0,2,0,,2,4,0.25,0.333,0.25,0.583,63,4,0,0,0,,,1
Mark Christman,34,WSH,AL,120,440,409,38,106,17,2,1,40,0,3,25,19,0.259,0.303,0.318,0.621,67,130,14,1,5,,,6/54
Russ Christopher,30,CLE,AL,45,10,6,1,0,0,0,0,0,0,0,2,3,0,0.25,0,0.25,-29,0,0,0,2,,,1
Allie Clark,25,CLE,AL,81,298,271,43,84,5,2,9,38,0,2,23,13,0.31,0.364,0.443,0.807,117,120,12,0,4,,,O97/53
Jim Clark,20,WSH,AL,9,12,12,1,3,0,0,0,0,0,0,0,2,0.25,0.25,0.25,0.5,35,3,0,0,0,,,/56
Gil Coan*,26,WSH,AL,138,564,513,56,119,13,9,7,60,23,9,41,78,0.232,0.298,0.333,0.631,70,171,5,7,4,,,*7O
Joe Coleman,25,PHA,AL,33,84,74,2,9,2,0,0,7,0,0,5,29,0.122,0.177,0.149,0.326,-13,11,2,0,6,,,1
Ray Coleman*,26,TOT,AL,85,281,239,34,56,6,7,0,23,5,3,33,22,0.234,0.327,0.318,0.645,71,76,13,0,9,,,89
Ray Coleman*,26,SLB,AL,17,32,29,2,5,0,1,0,2,1,0,2,5,0.172,0.226,0.241,0.467,23,7,2,0,1,,,/O9
Ray Coleman*,26,PHA,AL,68,249,210,32,51,6,6,0,21,4,3,31,17,0.243,0.34,0.329,0.669,77,69,11,0,8,,,O89
Joe Collins*,25,NYY,AL,5,5,5,0,1,1,0,0,2,0,0,0,1,0.2,0.2,0.4,0.6,58,2,0,0,0,,,
Clint Conatser,26,BSN,NL,90,259,224,30,62,9,3,3,23,0,,32,27,0.277,0.37,0.384,0.754,105,86,4,1,2,,,O87
Jack Conway,29,NYG,NL,24,56,49,8,12,2,1,1,3,0,,5,10,0.245,0.315,0.388,0.703,88,19,1,0,0,,,4/65
Cal Cooper,25,WSH,AL,1,0,0,0,0,0,0,0,0,0,0,0,0,,,,,,0,0,0,0,,,/1
Walker Cooper,33,NYG,NL,91,319,290,40,77,12,0,16,54,1,,28,29,0.266,0.332,0.472,0.805,115,137,14,1,3,,,2
Claude Corbitt,32,CIN,NL,87,284,258,24,66,11,0,0,18,4,,14,16,0.256,0.297,0.298,0.595,63,77,1,1,11,,,456
Billy Cox,28,BRO,NL,88,279,237,36,59,13,2,3,15,3,,38,19,0.249,0.353,0.359,0.711,90,85,8,0,4,,,5/64
Doc Cramer*,42,DET,AL,4,7,4,1,0,0,0,0,1,0,0,3,0,0,0.429,0,0.429,18,0,0,0,0,,,/8O
Walker Cress,31,CIN,NL,31,10,8,0,4,0,0,0,1,0,,1,0,0.5,0.556,0.5,1.056,191,4,0,0,1,,,1
Frankie Crosetti,37,NYY,AL,17,16,14,4,4,0,1,0,0,0,0,2,0,0.286,0.375,0.429,0.804,114,6,0,0,0,,,/46
Jeff Cross,29,TOT,NL,18,20,20,1,2,0,0,0,0,0,,0,4,0.1,0.1,0.1,0.2,-45,2,0,0,0,,,/64
Jeff Cross,29,STL,NL,2,0,0,0,0,0,0,0,0,0,,0,0,,,,,,0,0,0,0,,,
Jeff Cross,29,CHC,NL,16,20,20,1,2,0,0,0,0,0,,0,4,0.1,0.1,0.1,0.2,-45,2,0,0,0,,,/64
Leon Culberson,28,WSH,AL,12,37,29,1,5,0,0,0,2,0,0,8,5,0.172,0.351,0.172,0.524,44,5,2,0,0,,,8O
Dick Culler,33,CHC,NL,48,105,89,4,15,2,0,0,5,0,,13,3,0.169,0.275,0.191,0.466,31,17,4,0,3,,,6/4
Al Dark,26,BSN,NL,137,581,543,85,175,39,6,3,48,4,,24,36,0.322,0.353,0.433,0.786,113,235,4,2,10,,,*6
Cot Deal#,25,BOS,AL,4,0,0,0,0,0,0,0,0,0,0,0,0,,,,,,0,0,0,0,,,/1
Jim Delsing*,22,CHW,AL,20,70,63,5,12,0,0,0,5,0,0,5,12,0.19,0.261,0.19,0.451,23,12,2,1,1,,,8O
Billy DeMars,22,PHA,AL,18,35,29,3,5,0,0,0,1,0,0,5,3,0.172,0.294,0.172,0.467,25,5,0,0,1,,,/645
Sam Dente,26,SLB,AL,98,296,267,26,72,11,2,0,22,1,3,22,8,0.27,0.328,0.326,0.653,73,87,5,1,6,,,6/5
Murry Dickson,31,STL,NL,43,101,96,7,27,2,0,0,11,0,,1,1,0.281,0.289,0.302,0.591,56,29,3,0,4,,,1
Chuck Diering,25,STL,NL,7,9,7,2,0,0,0,0,0,1,,2,2,0,0.222,0,0.222,-37,0,1,0,0,,,/8O
Bill Dietrich,38,PHA,AL,4,3,2,0,0,0,0,0,0,0,0,1,1,0,0.333,0,0.333,-7,0,0,0,0,,,/1
Jay Difani,25,WSH,AL,2,2,2,0,0,0,0,0,0,0,0,0,2,0,0,0,0,-100,0,0,0,0,,,
Bob Dillinger,29,SLB,AL,153,722,644,110,207,34,10,2,44,28,11,65,34,0.321,0.385,0.415,0.799,111,267,18,1,12,,,*5
Dom DiMaggio,31,BOS,AL,155,756,648,127,185,40,4,9,87,10,2,101,58,0.285,0.383,0.401,0.785,105,260,11,2,5,,,*8O
Joe DiMaggio,33,NYY,AL,153,669,594,110,190,26,11,39,155,1,1,67,30,0.32,0.396,0.598,0.994,163,355,20,8,0,,,*8O
Jess Dobernic,30,CHC,NL,54,11,10,0,2,0,0,0,0,0,,0,0,0.2,0.2,0.2,0.4,11,2,0,0,0,,,1
Joe Dobson,31,BOS,AL,38,101,84,9,17,2,0,1,4,0,0,6,27,0.202,0.28,0.262,0.541,42,22,2,3,8,,,1
Larry Doby*,24,CLE,AL,121,499,439,83,132,23,9,14,66,9,9,54,77,0.301,0.384,0.49,0.873,134,215,8,5,2,,,*O89
Bobby Doerr,30,BOS,AL,140,619,527,94,150,23,6,27,111,3,2,83,49,0.285,0.386,0.505,0.891,131,266,13,4,4,,,*4
Blix Donnelly,34,PHI,NL,26,48,45,2,10,1,1,0,1,0,,3,10,0.222,0.271,0.289,0.56,53,13,1,0,1,,,1
Fritz Dorish,26,BOS,AL,9,4,4,0,1,0,0,0,0,0,0,0,1,0.25,0.25,0.25,0.5,30,1,0,0,0,,,/1
Larry Drake*,27,WSH,AL,4,9,7,0,2,0,0,0,1,0,0,1,3,0.286,0.375,0.286,0.661,79,2,0,0,1,,,/O9
Clem Dreisewerd*,32,TOT,MLB,17,11,9,0,1,0,0,0,0,0,0,2,5,0.111,0.273,0.111,0.384,5,1,0,0,0,,,1
Clem Dreisewerd*,32,SLB,AL,13,5,5,0,0,0,0,0,0,0,0,0,4,0,0,0,0,-100,0,0,0,0,,,1
Clem Dreisewerd*,32,NYG,NL,4,6,4,0,1,0,0,0,0,0,,2,1,0.25,0.5,0.25,0.75,108,1,0,0,0,,,/1
Karl Drews,28,TOT,AL,39,21,15,2,0,0,0,0,0,0,0,4,7,0,0.211,0,0.211,-41,0,0,0,2,,,1
Karl Drews,28,NYY,AL,19,10,7,0,0,0,0,0,0,0,0,1,1,0,0.125,0,0.125,-65,0,0,0,2,,,1
Karl Drews,28,SLB,AL,20,11,8,2,0,0,0,0,0,0,0,3,6,0,0.273,0,0.273,-24,0,0,0,0,,,1
Monk Dubiel,30,PHI,NL,38,51,42,6,7,2,0,0,0,0,,3,11,0.167,0.222,0.214,0.437,20,9,0,0,4,,,1
Erv Dusak,27,STL,NL,114,365,311,60,65,9,2,6,19,3,,49,55,0.209,0.317,0.309,0.625,66,96,2,0,5,,,O849/5716
Jake Early*,33,WSH,AL,97,286,246,22,54,7,2,1,28,2,1,36,33,0.22,0.322,0.276,0.598,62,68,1,1,3,,,2
Bruce Edwards,24,BRO,NL,96,319,286,36,79,17,2,8,54,4,,26,28,0.276,0.341,0.434,0.774,105,124,10,2,4,,,2O75/3
Hank Edwards*,29,CLE,AL,55,179,160,27,43,9,2,3,18,1,1,18,18,0.269,0.346,0.406,0.753,102,65,2,1,0,,,O9
Bob Elliott,31,BSN,NL,151,677,540,99,153,24,5,23,100,6,,131,57,0.283,0.423,0.474,0.897,143,256,14,0,4,,,*5
Glenn Elliott#,28,BSN,NL,1,2,2,0,0,0,0,0,0,0,,0,0,0,0,0,0,-100,0,0,0,0,,,/1
Red Embree,30,NYY,AL,20,28,27,2,4,1,0,0,3,0,0,1,6,0.148,0.179,0.185,0.364,-3,5,0,0,0,,,1
Del Ennis,23,PHI,NL,152,641,589,86,171,40,4,30,95,2,,47,58,0.29,0.345,0.525,0.869,135,309,10,2,3,,,*O9
Eddie Erautt,23,CIN,NL,2,0,0,0,0,0,0,0,0,0,,0,0,,,,,,0,0,0,0,,,/1
Paul Erickson,32,TOT,NL,9,8,8,0,1,0,0,0,1,0,,0,2,0.125,0.125,0.125,0.25,-31,1,0,0,0,,,/1
Paul Erickson,32,CHC,NL,3,1,1,0,0,0,0,0,0,0,,0,0,0,0,0,0,-100,0,0,0,0,,,/1
Paul Erickson,32,PHI,NL,4,7,7,0,1,0,0,0,1,0,,0,2,0.143,0.143,0.143,0.286,-22,1,0,0,0,,,/1
Paul Erickson,32,NYG,NL,2,0,0,0,0,0,0,0,0,0,,0,0,,,,,,0,0,0,0,,,/1
Carl Erskine,21,BRO,NL,17,21,21,1,2,0,0,0,0,0,,0,2,0.095,0.095,0.095,0.19,-49,2,0,0,0,,,1
Al Evans,31,WSH,AL,93,271,228,19,59,6,3,2,28,1,1,38,20,0.259,0.367,0.338,0.705,90,77,10,1,4,,,2
Hoot Evers,27,DET,AL,139,605,538,81,169,33,6,10,103,3,4,51,31,0.314,0.378,0.454,0.831,118,244,16,4,13,,,*8O
Ferris Fain*,27,PHA,AL,145,644,520,81,146,27,6,7,88,10,5,113,37,0.281,0.412,0.396,0.808,114,206,17,3,8,,,*3
Cliff Fannin*,24,SLB,AL,48,83,65,12,11,0,0,0,2,0,0,11,4,0.169,0.299,0.169,0.468,25,11,3,1,6,,,1
Bob Feller,29,CLE,AL,44,106,95,1,9,2,0,0,3,0,0,1,39,0.095,0.113,0.116,0.229,-38,11,1,1,9,,,1
Tom Ferrick,33,WSH,AL,37,15,15,1,1,0,1,0,1,0,0,0,3,0.067,0.067,0.2,0.267,-30,3,0,0,0,,,1
Dave Ferriss*,26,BOS,AL,31,45,37,4,9,1,0,0,6,0,0,6,6,0.243,0.349,0.27,0.619,63,10,0,0,2,,,1
Steve Filipowicz,27,CIN,NL,7,28,26,0,9,0,1,0,3,0,,2,1,0.346,0.393,0.423,0.816,124,11,0,0,0,,,/7O
Ed Fitz Gerald,24,PIT,NL,102,297,262,31,70,9,3,1,35,3,,32,37,0.267,0.349,0.336,0.685,85,88,3,1,2,,,2
Angel Fleitas,33,WSH,AL,15,16,13,1,1,0,0,0,1,0,2,3,5,0.077,0.25,0.077,0.327,-10,1,0,0,0,,,/6
Dick Fowler,27,PHA,AL,29,89,82,5,14,1,0,1,8,0,0,3,10,0.171,0.2,0.22,0.42,11,18,2,0,4,,,1
Howie Fox,27,CIN,NL,35,64,60,9,12,3,0,0,4,0,,2,9,0.2,0.238,0.25,0.488,34,15,3,1,1,,,1
Nellie Fox*,20,PHA,AL,3,14,13,0,2,0,0,0,0,1,0,1,0,0.154,0.214,0.154,0.368,-2,2,0,0,0,,,/4
Herman Franks*,34,PHA,AL,40,120,98,10,22,7,1,1,14,0,0,16,11,0.224,0.345,0.347,0.692,83,34,4,2,4,,,2
Lonny Frey*,37,TOT,MLB,30,55,51,7,13,1,0,1,6,0,0,4,6,0.255,0.309,0.333,0.642,73,17,0,0,0,,,4
Lonny Frey*,37,NYY,AL,1,0,0,1,0,0,0,0,0,0,0,0,0,,,,,,0,0,0,0,,,
Lonny Frey*,37,NYG,NL,29,55,51,6,13,1,0,1,6,0,,4,6,0.255,0.309,0.333,0.642,73,17,0,0,0,,,4
Carl Furillo,26,BRO,NL,108,414,364,55,108,20,4,4,44,6,,43,32,0.297,0.374,0.407,0.781,108,148,7,2,5,,,*O89
Augie Galan#,36,CIN,NL,54,107,77,18,22,3,2,2,16,0,,26,4,0.286,0.471,0.455,0.926,155,35,2,1,2,,,O9/7
Denny Galehouse,36,BOS,AL,27,53,42,6,7,0,0,0,1,0,0,8,13,0.167,0.3,0.167,0.467,23,7,1,0,3,,,1
Joe Garagiola*,22,STL,NL,24,69,56,9,6,1,0,2,7,0,,12,9,0.107,0.275,0.232,0.508,35,13,0,1,0,,,2
Mike Garcia,24,CLE,AL,1,0,0,0,0,0,0,0,0,0,0,0,0,,,,,,0,0,0,0,,,/1
Ramon Garcia,24,WSH,AL,4,1,1,0,1,0,0,0,0,0,0,0,0,1,1,1,2,440,1,0,0,0,,,/1
Ned Garver,22,SLB,AL,46,79,66,9,19,1,1,1,9,0,0,4,3,0.288,0.329,0.379,0.707,86,25,1,0,9,,,1
Rufe Gentry,30,DET,AL,4,1,1,1,1,0,0,0,0,0,0,0,0,1,1,1,2,426,1,0,0,0,,,/1
Al Gerheauser*,31,SLB,AL,14,6,6,0,2,0,0,0,0,0,0,0,2,0.333,0.333,0.333,0.667,76,2,0,0,0,,,1
Al Gettel,30,TOT,AL,29,60,57,5,13,2,0,0,3,0,0,0,6,0.228,0.228,0.263,0.491,33,15,3,0,3,,,1/4
Al Gettel,30,CLE,AL,5,3,3,1,0,0,0,0,0,0,0,0,0,0,0,0,0,-100,0,0,0,0,,,/1
Al Gettel,30,CHW,AL,24,57,54,4,13,2,0,0,3,0,0,0,6,0.241,0.241,0.278,0.519,40,15,3,0,3,,,1/4
Carden Gillenwater,31,WSH,AL,77,262,221,23,54,10,4,3,21,4,2,39,36,0.244,0.358,0.367,0.724,95,81,9,0,1,,,O8/79
Bob Gillespie,28,CHW,AL,25,18,16,0,0,0,0,0,1,0,0,1,10,0,0.059,0,0.059,-83,0,0,0,1,,,1
Joe Ginsberg*,21,DET,AL,11,39,36,7,13,0,0,0,1,0,0,3,1,0.361,0.41,0.361,0.771,104,13,1,0,0,,,2
Billy Goodman*,22,BOS,AL,127,527,445,65,138,27,2,1,66,5,3,74,44,0.31,0.414,0.387,0.801,109,172,18,5,3,,,*3/45
Jim Goodwin*,21,CHW,AL,8,2,2,0,1,0,0,0,0,0,0,0,0,0.5,0.5,0.5,1,171,1,0,0,0,,,/1
Joe Gordon,33,CLE,AL,144,633,550,96,154,21,4,32,124,5,2,77,68,0.28,0.371,0.507,0.879,135,279,16,3,3,,,*4/6
Sid Gordon,30,NYG,NL,142,605,521,100,156,26,4,30,107,8,,74,39,0.299,0.39,0.537,0.927,147,280,18,3,7,,,*5O7/9
Lou Grasmick,23,PHI,NL,2,1,1,0,1,0,0,0,0,0,,0,0,1,1,1,2,449,1,0,0,0,,,/1
Ted Gray#,23,DET,AL,26,33,29,2,7,1,0,0,1,0,0,2,7,0.241,0.29,0.276,0.566,49,8,2,0,2,,,1
Hal Gregg,26,PIT,NL,22,24,22,3,6,0,0,1,1,0,,0,9,0.273,0.273,0.409,0.682,81,9,0,0,2,,,1
Steve Gromek#,28,CLE,AL,38,45,41,3,6,1,0,0,1,0,0,3,7,0.146,0.205,0.171,0.375,2,7,0,0,1,,,1
Ernest Groth,26,CLE,AL,2,0,0,0,0,0,0,0,0,0,0,0,0,,,,,,0,0,0,0,,,/1
Johnny Groth,21,DET,AL,6,18,17,3,8,3,0,1,5,0,0,1,1,0.471,0.5,0.824,1.324,244,14,0,0,0,,,/8O
Orval Grove,28,CHW,AL,32,23,21,0,2,0,0,0,0,0,0,1,9,0.095,0.136,0.095,0.232,-37,2,2,0,1,,,1
Mike Guerra,35,PHA,AL,53,166,142,18,30,4,2,1,23,2,3,18,13,0.211,0.3,0.289,0.589,56,41,6,0,5,,,2
Harry Gumbert,38,CIN,NL,61,27,25,1,1,0,0,1,1,0,,1,9,0.04,0.077,0.16,0.237,-37,4,1,0,1,,,1
Randy Gumpert,30,TOT,AL,31,32,29,0,4,0,0,0,1,0,0,0,10,0.138,0.138,0.138,0.276,-25,4,0,0,3,,,1
Randy Gumpert,30,NYY,AL,15,0,0,0,0,0,0,0,0,0,0,0,0,,,,,,0,0,0,0,,,1
Randy Gumpert,30,CHW,AL,16,32,29,0,4,0,0,0,1,0,0,0,10,0.138,0.138,0.138,0.276,-25,4,0,0,3,,,1
Frankie Gustine,28,PIT,NL,131,500,449,68,120,19,2,9,42,5,,42,62,0.267,0.333,0.379,0.711,90,170,12,2,6,,,*5
Don Gutteridge,36,PIT,NL,4,2,2,0,0,0,0,0,0,0,,0,1,0,0,0,0,-100,0,0,0,0,,,
Bert Haas,34,PHI,NL,95,370,333,35,94,9,2,4,34,8,,36,25,0.282,0.354,0.357,0.711,95,119,9,1,0,,,53
Warren Hacker,23,CHC,NL,3,0,0,0,0,0,0,0,0,0,,0,0,,,,,,0,0,0,0,,,/1
Mickey Haefner*,35,WSH,AL,28,47,43,1,7,1,0,0,3,0,0,3,9,0.163,0.217,0.186,0.403,9,8,1,0,1,,,1
John Hall,24,BRO,NL,3,0,0,0,0,0,0,0,0,0,,0,0,,,,,,0,0,0,0,,,/1
Jack Hallett,33,NYG,NL,2,1,1,0,0,0,0,0,0,0,,0,0,0,0,0,0,-100,0,0,0,0,,,/1
Granny Hamner,21,PHI,NL,129,475,446,42,116,21,5,3,48,2,,22,39,0.26,0.298,0.35,0.648,77,156,10,2,5,,,46/5
Ralph Hamner,31,CHC,NL,27,34,33,1,6,1,0,1,5,0,,0,12,0.182,0.182,0.303,0.485,32,10,1,0,1,,,1
Andy Hansen,23,NYG,NL,36,29,20,3,1,0,0,0,1,0,,5,11,0.05,0.269,0.05,0.319,-9,1,0,1,3,,,1
Bubba Harris,22,PHA,AL,45,29,24,4,3,0,0,0,1,0,0,3,5,0.125,0.222,0.125,0.347,-7,3,0,0,2,,,1
Mickey Harris*,31,BOS,AL,20,44,32,6,2,0,0,0,1,0,0,10,6,0.063,0.286,0.063,0.348,-6,2,0,0,2,,,1
Earl Harrist,29,TOT,AL,34,23,22,1,3,0,0,0,0,0,0,0,6,0.136,0.136,0.136,0.273,-26,3,0,0,0,,,1
Earl Harrist,29,CHW,AL,11,5,4,0,0,0,0,0,0,0,0,0,0,0,0,0,0,-100,0,0,0,0,,,1
Earl Harrist,29,WSH,AL,23,18,18,1,3,0,0,0,0,0,0,0,6,0.167,0.167,0.167,0.333,-10,3,0,0,0,,,1
Jack Harshman*,20,NYG,NL,5,9,8,0,2,0,0,0,1,0,,1,3,0.25,0.333,0.25,0.583,59,2,0,0,0,,,/3
Clint Hartung,25,NYG,NL,43,63,56,5,10,1,1,0,3,0,,7,24,0.179,0.27,0.232,0.502,36,13,0,0,0,,,1
Joe Hatten,31,BRO,NL,43,75,63,6,13,2,0,0,5,0,,4,19,0.206,0.254,0.238,0.492,32,15,0,0,8,,,1
Grady Hatton*,25,CIN,NL,133,534,458,58,110,17,2,9,44,7,,72,50,0.24,0.343,0.345,0.688,89,158,6,0,3,,,*5/467O
Phil Haugstad,24,BRO,NL,1,0,0,0,0,0,0,0,0,0,,0,0,,,,,,0,0,0,0,,,/1
Joe Haynes,30,CHW,AL,27,56,50,5,8,2,0,0,1,0,0,3,8,0.16,0.208,0.2,0.408,10,10,0,0,3,,,1
Jim Hearn,27,STL,NL,36,26,25,1,5,0,0,0,1,0,,0,7,0.2,0.2,0.2,0.4,6,5,1,0,1,,,1
Jeff Heath*,33,BSN,NL,115,420,364,64,116,26,5,20,76,2,,51,46,0.319,0.404,0.582,0.986,165,212,4,1,3,,,*O7/9
Jim Hegan,27,CLE,AL,144,524,472,60,117,21,6,14,61,6,3,48,74,0.248,0.317,0.407,0.724,94,192,10,0,4,,,*2
Ken Heintzelman,32,PHI,NL,27,43,37,1,5,1,0,0,2,0,,0,8,0.135,0.135,0.162,0.297,-19,6,0,0,6,,,1
Tommy Henrich*,35,NYY,AL,146,674,588,138,181,42,14,25,100,2,3,76,42,0.308,0.391,0.554,0.945,151,326,14,4,5,,,O93/78
Gene Hermanski*,28,BRO,NL,133,471,400,63,116,22,7,15,60,15,,64,46,0.29,0.391,0.493,0.883,134,197,7,2,4,,,*O9/7
Johnny Hetki,26,CIN,NL,3,2,1,0,0,0,0,0,0,0,,1,0,0,0.5,0,0.5,47,0,0,0,0,,,/1
Ed Heusser#,39,PHI,NL,33,19,19,1,3,0,0,0,1,0,,0,5,0.158,0.158,0.158,0.316,-13,3,0,0,0,,,1
Kirby Higbe,33,PIT,NL,56,48,48,4,10,1,0,1,3,0,,0,11,0.208,0.208,0.292,0.5,33,14,2,0,0,,,1
Frank Hiller,27,NYY,AL,22,17,16,1,6,1,0,0,4,0,0,0,2,0.375,0.375,0.438,0.813,116,7,0,0,1,,,1
Billy Hitchcock,31,BOS,AL,49,134,124,15,37,3,2,1,20,0,0,7,9,0.298,0.341,0.379,0.72,87,47,4,1,2,,,45
Gil Hodges,24,BRO,NL,134,527,481,48,120,18,5,11,70,7,,43,61,0.249,0.311,0.376,0.687,82,181,11,0,4,,,32
Ralph Hodgin*,33,CHW,AL,114,359,331,28,88,11,5,1,34,0,3,21,11,0.266,0.31,0.338,0.648,75,112,9,0,7,,,O97/8
Bobby Hogue,27,BSN,NL,40,28,21,0,2,1,0,0,1,0,,0,5,0.095,0.095,0.143,0.238,-36,3,0,0,7,,,1
Wally Holborow,34,PHA,AL,5,6,4,1,2,1,0,0,3,0,0,1,1,0.5,0.6,0.75,1.35,256,3,0,0,1,,,/1
Ken Holcombe,29,CIN,NL,2,0,0,0,0,0,0,0,0,0,,0,0,,,,,,0,0,0,0,,,/1
Tommy Holmes*,31,BSN,NL,139,638,585,85,190,35,7,6,61,1,,46,20,0.325,0.375,0.439,0.814,121,257,18,1,7,,,*O9
Johnny Hopp*,31,PIT,NL,120,435,392,64,109,15,12,1,31,5,,40,25,0.278,0.345,0.385,0.73,96,151,7,0,3,,,O83/97
Ralph Houk,28,NYY,AL,14,29,29,3,8,2,0,0,3,0,0,0,0,0.276,0.276,0.345,0.621,65,10,0,0,0,,,2
Art Houtteman,20,DET,AL,43,57,56,2,11,0,0,0,7,0,0,0,2,0.196,0.196,0.196,0.393,3,11,1,0,1,,,1
Sid Hudson,33,WSH,AL,39,65,59,5,14,4,1,0,4,0,0,3,6,0.237,0.274,0.339,0.613,65,20,0,0,3,,,1
Tommy Hughes,28,CIN,NL,12,7,7,0,1,0,0,0,0,0,,0,2,0.143,0.143,0.143,0.286,-22,1,1,0,0,,,1
Tex Hughson,32,BOS,AL,15,3,2,0,0,0,0,0,0,0,0,0,0,0,0,0,0,-100,0,0,0,1,,,1
Fred Hutchinson*,28,DET,AL,76,137,112,11,23,1,0,1,12,3,0,22,9,0.205,0.341,0.241,0.582,54,27,3,1,2,,,1
Tony Jacobs#,22,CHC,NL,1,0,0,0,0,0,0,0,0,0,,0,0,,,,,,0,0,0,0,,,/1
Larry Jansen,27,NYG,NL,42,106,95,4,13,3,0,0,7,0,,4,22,0.137,0.172,0.168,0.34,-8,16,2,0,7,,,1
Hal Jeffcoat,23,CHC,NL,134,512,473,53,132,16,4,4,42,8,,24,68,0.279,0.315,0.355,0.67,85,168,6,1,14,,,*8O
Billy Johnson,29,NYY,AL,127,493,446,59,131,20,6,12,64,0,0,41,30,0.294,0.358,0.446,0.805,114,199,22,4,1,,,*5
Don Johnson,36,CHC,NL,6,12,12,0,3,0,0,0,0,1,,0,1,0.25,0.25,0.25,0.5,39,3,1,0,0,,,/45
Earl Johnson*,29,BOS,AL,35,33,31,2,3,0,0,0,3,0,0,1,9,0.097,0.125,0.097,0.222,-42,3,2,0,1,,,1
Ken Johnson*,25,STL,NL,20,20,20,2,6,2,0,0,1,0,,0,7,0.3,0.3,0.4,0.7,83,8,0,0,0,,,1
Jake Jones,27,BOS,AL,36,116,105,3,21,4,0,1,8,1,0,11,26,0.2,0.276,0.267,0.543,42,28,4,0,0,,,3
Nippy Jones,23,STL,NL,132,523,481,58,122,21,9,10,81,2,,36,45,0.254,0.307,0.397,0.704,85,191,25,1,5,,,*3
Sheldon Jones,26,NYG,NL,55,74,64,5,13,3,1,0,6,0,,1,19,0.203,0.215,0.281,0.497,33,18,1,0,9,,,1
Willie Jones,22,PHI,NL,17,66,60,9,20,2,0,2,9,0,,3,5,0.333,0.365,0.467,0.832,126,28,3,0,2,,,5
Eddie Joost,32,PHA,AL,135,637,509,99,127,22,2,16,55,2,4,119,87,0.25,0.393,0.395,0.788,109,201,4,1,8,,,*6
Tom Jordan,28,SLB,AL,1,1,1,0,0,0,0,0,0,0,0,0,0,0,0,0,0,-100,0,0,0,0,,,
Spider Jorgensen*,28,BRO,NL,31,107,90,15,27,6,2,1,13,1,,16,13,0.3,0.411,0.444,0.856,128,40,1,1,1,,,5
Oscar Judd*,40,PHI,NL,4,7,6,1,1,1,0,0,0,0,,1,2,0.167,0.286,0.333,0.619,69,2,0,0,0,,,/1
Wally Judnich*,32,CLE,AL,79,281,218,36,56,13,3,2,29,2,3,56,23,0.257,0.411,0.372,0.782,111,81,5,1,6,,,O839
Howie Judson,22,CHW,AL,41,34,29,1,3,1,0,0,2,0,0,1,13,0.103,0.133,0.138,0.271,-27,4,0,0,4,,,1
Eddie Kazak,27,STL,NL,6,22,22,1,6,3,0,0,2,0,,0,2,0.273,0.273,0.409,0.682,78,9,1,0,0,,,/5
George Kell,25,DET,AL,92,414,368,47,112,24,3,2,44,2,2,33,15,0.304,0.369,0.402,0.772,103,148,10,5,8,,,5
Charlie Keller*,31,NYY,AL,83,289,247,41,66,15,2,6,44,1,1,41,25,0.267,0.372,0.417,0.789,110,103,7,0,1,,,7O
Alex Kellner,23,PHA,AL,13,5,5,0,0,0,0,0,0,0,0,0,1,0,0,0,0,-100,0,0,0,0,,,1
Ken Keltner,31,CLE,AL,153,656,558,91,166,24,4,31,119,2,1,89,52,0.297,0.395,0.522,0.917,146,291,23,1,8,,,*5
Bill Kennedy*,27,TOT,AL,32,55,47,6,13,1,0,0,4,0,0,4,4,0.277,0.333,0.298,0.631,67,14,1,0,4,,,1
Bill Kennedy*,27,CLE,AL,6,5,3,1,2,0,0,0,0,0,0,1,0,0.667,0.75,0.667,1.417,283,2,0,0,1,,,/1
Bill Kennedy*,27,SLB,AL,26,50,44,5,11,1,0,0,4,0,0,3,4,0.25,0.298,0.273,0.571,51,12,1,0,3,,,1
Bob Kennedy,27,TOT,AL,96,198,186,14,50,11,3,0,19,0,2,8,23,0.269,0.299,0.36,0.659,77,67,6,0,4,,,97/43
Bob Kennedy,27,CHW,AL,30,118,113,4,28,8,1,0,14,0,2,4,17,0.248,0.274,0.336,0.61,64,38,5,0,1,,,O7/9
Bob Kennedy,27,CLE,AL,66,80,73,10,22,3,2,0,5,0,0,4,6,0.301,0.338,0.397,0.735,97,29,1,0,3,,,O9/473
Monty Kennedy,26,NYG,NL,26,36,31,4,4,0,0,0,2,0,,3,8,0.129,0.206,0.129,0.335,-8,4,1,0,2,,,1
Buddy Kerr,25,NYG,NL,144,555,496,41,119,16,4,0,46,9,,56,36,0.24,0.317,0.288,0.605,64,143,7,0,3,,,*6
Ellis Kinder,33,BOS,AL,28,75,62,8,6,0,0,0,4,0,0,8,18,0.097,0.2,0.097,0.297,-21,6,1,0,3,,,1
Ralph Kiner,25,PIT,NL,156,670,555,104,147,19,5,40,123,1,,112,61,0.265,0.391,0.533,0.924,146,296,15,3,0,,,*7O
Clyde King#,24,BRO,NL,9,2,2,0,0,0,0,0,0,0,,0,1,0,0,0,0,-100,0,0,0,0,,,/1
Ed Klieman,30,CLE,AL,44,16,14,0,2,0,0,0,0,0,0,2,9,0.143,0.25,0.143,0.393,7,2,0,0,0,,,1
Ted Kluszewski*,23,CIN,NL,113,397,379,49,104,23,4,12,57,1,,18,32,0.274,0.307,0.451,0.758,105,171,14,0,0,,,3
Clyde Kluttz,30,PIT,NL,94,297,271,26,60,12,2,4,20,3,,20,19,0.221,0.275,0.325,0.6,60,88,4,0,4,,,2
Dick Koecher*,22,PHI,NL,3,0,0,0,0,0,0,0,0,0,,0,0,,,,,,0,0,0,0,,,/1
Dick Kokos*,20,SLB,AL,71,291,258,40,77,15,3,4,40,4,3,28,32,0.298,0.374,0.426,0.8,111,110,1,3,2,,,O9
Don Kolloway,29,CHW,AL,119,438,417,60,114,14,4,6,38,2,4,18,18,0.273,0.303,0.369,0.673,81,154,10,0,3,,,45
Alex Konikowski,20,NYG,NL,22,5,2,1,0,0,0,0,0,0,,2,0,0,0.5,0,0.5,45,0,0,0,1,,,1
Jim Konstanty,31,PHI,NL,6,3,3,1,0,0,0,0,0,0,,0,0,0,0,0,0,-100,0,0,0,0,,,/1
Dave Koslo*,28,NYG,NL,35,49,44,2,5,2,0,0,4,0,,1,16,0.114,0.152,0.159,0.311,-16,7,0,1,3,,,1
Al Kozar,26,WSH,AL,150,651,577,61,144,25,8,1,58,4,2,66,52,0.25,0.327,0.326,0.652,76,188,18,0,8,,,*4
Jack Kramer,30,BOS,AL,29,91,73,7,11,1,0,1,8,0,0,10,21,0.151,0.253,0.205,0.458,20,15,1,0,7,,,1
Lou Kretlow,27,DET,AL,5,9,8,0,4,0,0,0,1,0,0,0,1,0.5,0.5,0.5,1,163,4,0,0,1,,,/1
Whitey Kurowski,30,STL,NL,77,270,220,34,47,8,0,2,33,0,,42,28,0.214,0.352,0.277,0.629,68,61,3,5,3,,,5
Emil Kush,31,CHC,NL,34,15,13,1,2,0,0,0,0,0,,2,3,0.154,0.267,0.154,0.421,19,2,0,0,0,,,1
Doyle Lade,27,CHC,NL,19,33,32,3,5,0,0,0,2,0,,1,10,0.156,0.182,0.156,0.338,-6,5,0,0,0,,,1
Joe Lafata*,26,NYG,NL,1,1,1,0,0,0,0,0,0,0,,0,1,0,0,0,0,-100,0,0,0,0,,,
Eddie Lake,32,DET,AL,64,264,198,51,52,6,0,2,18,3,3,57,20,0.263,0.427,0.323,0.751,99,64,4,0,9,,,45
Al Lakeman,29,PHI,NL,32,73,68,2,11,2,0,1,4,0,,5,22,0.162,0.219,0.235,0.454,25,16,1,0,0,,,2/1
Ray Lamanno,28,CIN,NL,127,438,385,31,93,12,0,0,27,2,,48,32,0.242,0.329,0.273,0.601,66,105,15,2,4,,,*2
Don Lang,33,STL,NL,117,379,323,30,87,14,1,4,31,2,,47,38,0.269,0.364,0.356,0.72,91,115,3,1,8,,,5/4
Ralph LaPointe,26,STL,NL,87,245,222,27,50,3,0,0,15,1,,18,19,0.225,0.283,0.239,0.522,39,53,1,0,5,,,46/5
Pete Layden,28,SLB,AL,41,111,104,11,26,2,1,0,4,4,2,6,10,0.25,0.297,0.288,0.586,55,30,2,1,0,,,O8/97
Les Layton,26,NYG,NL,63,98,91,14,21,4,4,2,12,1,,6,21,0.231,0.286,0.429,0.714,90,39,2,1,0,,,O7/89
Thornton Lee*,41,NYG,NL,11,11,11,1,1,0,0,0,0,0,,0,3,0.091,0.091,0.091,0.182,-51,1,2,0,0,,,1
Paul Lehner*,27,SLB,AL,103,365,333,23,92,15,4,2,46,0,2,30,19,0.276,0.336,0.363,0.699,84,121,9,0,3,,,8O/3
Bob Lemon*,27,CLE,AL,52,129,119,20,34,9,0,5,21,0,0,8,23,0.286,0.331,0.487,0.818,119,58,0,0,2,,,1
Dutch Leonard,39,PHI,NL,34,86,83,1,12,0,1,0,4,0,,0,22,0.145,0.155,0.169,0.323,-11,14,1,1,2,,,1
Lyman Linde,27,CLE,AL,3,2,2,0,0,0,0,0,0,0,0,0,1,0,0,0,0,-100,0,0,0,0,,,/1
Johnny Lindell,31,NYY,AL,88,344,309,58,98,17,2,13,55,0,0,35,50,0.317,0.387,0.511,0.898,138,158,8,0,1,,,O7/98
Johnny Lipon,25,DET,AL,121,541,458,65,133,18,8,5,52,4,4,68,22,0.29,0.384,0.397,0.782,105,182,9,2,13,,,*6/45
Danny Litwhiler,31,TOT,NL,119,430,371,51,102,21,2,14,50,1,,52,43,0.275,0.367,0.456,0.823,124,169,15,2,6,,,975/8
Danny Litwhiler,31,BSN,NL,13,39,33,0,9,2,0,0,6,0,,4,2,0.273,0.385,0.333,0.718,97,11,0,2,1,,,/7O
Danny Litwhiler,31,CIN,NL,106,391,338,51,93,19,2,14,44,1,,48,41,0.275,0.365,0.467,0.833,127,158,15,0,5,,,O957/8
Buddy Lively,23,CIN,NL,10,2,2,0,0,0,0,0,0,0,,0,0,0,0,0,0,-100,0,0,0,0,,,1
Mickey Livingston,33,NYG,NL,45,121,99,9,21,4,1,2,12,1,,21,11,0.212,0.35,0.333,0.683,85,33,3,0,2,,,2
Whitey Lockman*,21,NYG,NL,146,659,584,117,167,24,10,18,59,8,,68,63,0.286,0.361,0.454,0.815,118,265,4,1,6,,,*O87
Jack Lohrke,24,NYG,NL,97,314,280,35,70,15,1,5,31,3,,30,30,0.25,0.323,0.364,0.687,85,102,6,0,4,,,54
Sherm Lollar,23,NYY,AL,22,39,38,0,8,0,0,0,4,0,0,1,6,0.211,0.231,0.211,0.441,18,8,4,0,0,,,2
Vic Lombardi*,25,PIT,NL,39,52,48,1,10,2,0,0,3,0,,2,4,0.208,0.255,0.25,0.505,36,12,1,1,1,,,1
Lou Lombardo*,19,NYG,NL,2,2,2,0,0,0,0,0,0,0,,0,0,0,0,0,0,-100,0,0,0,0,,,/1
Eddie Lopat*,30,NYY,AL,34,93,81,6,14,0,0,0,10,0,0,8,6,0.173,0.247,0.173,0.42,13,14,6,0,4,,,1
Stan Lopata,22,PHI,NL,6,15,15,2,2,1,0,0,2,0,,0,4,0.133,0.133,0.2,0.333,-10,3,0,0,0,,,/2
Peanuts Lowrey,30,CHC,NL,129,477,435,47,128,12,3,2,54,2,,34,31,0.294,0.347,0.349,0.696,93,152,11,1,7,,,*O78/546
Don Lund,25,TOT,MLB,90,251,230,30,53,11,4,4,30,1,0,15,33,0.23,0.286,0.365,0.652,71,84,2,3,3,,,79
Don Lund,25,BRO,NL,27,75,69,9,13,4,0,1,5,1,,5,16,0.188,0.243,0.29,0.533,41,20,1,0,1,,,O7/9
Don Lund,25,SLB,AL,63,176,161,21,40,7,4,3,25,0,0,10,17,0.248,0.305,0.398,0.702,84,64,1,3,2,,,O97
Tony Lupien*,31,CHW,AL,154,699,617,69,152,19,3,6,54,11,7,74,38,0.246,0.327,0.316,0.643,74,195,3,0,9,,,*3
Dummy Lynch,22,CHC,NL,7,8,7,3,2,0,0,1,1,0,,1,1,0.286,0.375,0.714,1.089,195,5,0,0,0,,,/4
Al Lyons,29,BSN,NL,16,14,12,2,2,0,0,0,0,0,,2,4,0.167,0.286,0.167,0.452,26,2,0,0,0,,,/1O98
Clarence Maddern,26,CHC,NL,80,231,214,16,54,12,1,4,27,0,,10,25,0.252,0.301,0.374,0.675,86,80,2,5,2,,,O79
Woody Main,26,PIT,NL,17,3,2,0,0,0,0,0,0,0,,0,0,0,0,0,0,-100,0,0,0,0,,,1
Hank Majeski,31,PHA,AL,148,645,590,88,183,41,4,12,120,2,1,48,43,0.31,0.368,0.454,0.822,117,268,19,6,2,,,*5/6
Cliff Mapes*,26,NYY,AL,53,94,88,19,22,11,1,1,12,1,1,6,13,0.25,0.298,0.432,0.73,93,38,1,0,0,,,O/798
Phil Marchildon,34,PHA,AL,33,85,72,3,5,0,0,0,2,0,0,10,30,0.069,0.183,0.069,0.252,-32,5,2,0,3,,,1
Marty Marion,30,STL,NL,144,613,567,70,143,26,4,4,43,1,,37,54,0.252,0.298,0.333,0.631,66,189,13,0,9,,,*6
Cuddles Marshall,23,NYY,AL,1,0,0,0,0,0,0,0,0,0,0,0,0,,,,,,0,0,0,0,,,/1
Willard Marshall*,27,NYG,NL,143,605,537,72,146,21,8,14,86,2,,64,34,0.272,0.35,0.419,0.769,107,225,11,1,2,,,*O9
Babe Martin,28,BOS,AL,4,4,4,0,2,0,0,0,0,0,0,0,1,0.5,0.5,0.5,1,161,2,0,0,0,,,/2
Ray Martin,23,BSN,NL,2,0,0,0,0,0,0,0,0,0,,0,0,,,,,,0,0,0,0,,,/1
Phil Masi,32,BSN,NL,113,422,376,43,95,19,0,5,44,2,,35,26,0.253,0.318,0.343,0.661,80,129,15,1,11,,,*2
Walt Masterson,28,WSH,AL,33,68,57,8,11,2,1,0,4,0,0,2,22,0.193,0.22,0.263,0.483,30,15,0,0,9,,,1
Gene Mauch,22,TOT,NL,65,181,151,19,30,3,2,1,7,1,,27,14,0.199,0.32,0.265,0.585,63,40,0,0,3,,,46
Gene Mauch,22,BRO,NL,12,15,13,1,2,0,0,0,0,0,,1,4,0.154,0.214,0.154,0.368,-1,2,0,0,1,,,/46
Gene Mauch,22,CHC,NL,53,166,138,18,28,3,2,1,7,1,,26,10,0.203,0.329,0.275,0.605,69,38,0,0,2,,,46
Carmen Mauro*,21,CHC,NL,3,7,5,2,1,0,0,1,1,0,,2,0,0.2,0.429,0.8,1.229,233,4,0,0,0,,,/O89
Eddie Mayo*,38,DET,AL,106,421,370,35,92,20,1,2,42,1,9,30,19,0.249,0.31,0.324,0.634,67,120,12,3,18,,,45
Jackie Mayo*,22,PHI,NL,12,43,35,7,8,2,1,0,3,1,,7,7,0.229,0.386,0.343,0.729,101,12,0,2,0,,,7O
Tom McBride,33,WSH,AL,92,238,206,22,53,9,1,1,29,2,2,28,15,0.257,0.346,0.325,0.671,81,67,11,0,4,,,O97
Bill McCahan,27,PHA,AL,17,33,31,4,8,1,0,0,8,0,0,2,2,0.258,0.303,0.29,0.593,57,9,0,0,0,,,1
Dutch McCall*,27,CHC,NL,30,58,53,3,9,2,0,0,6,0,,4,8,0.17,0.228,0.208,0.436,21,11,0,0,2,,,1
Windy McCall*,22,BOS,AL,1,0,0,0,0,0,0,0,0,0,0,0,0,,,,,,0,0,0,0,,,/1
Jerry McCarthy*,25,SLB,AL,2,3,3,0,1,0,0,0,0,0,0,0,0,0.333,0.333,0.333,0.667,76,1,0,0,0,,,/3
Johnny McCarthy*,38,NYG,NL,56,60,57,6,15,0,1,2,12,0,,3,2,0.263,0.3,0.404,0.704,88,23,1,0,0,,,/3
Frank McCormick,37,BSN,NL,75,194,180,14,45,9,2,4,34,0,,10,9,0.25,0.289,0.389,0.678,83,70,5,0,4,,,3
Mike McCormick,31,BSN,NL,115,384,343,45,104,22,7,1,39,1,,32,34,0.303,0.363,0.417,0.78,111,143,7,0,8,,,O789
Barney McCosky*,31,PHA,AL,135,605,515,95,168,21,5,0,46,1,3,68,22,0.326,0.405,0.386,0.791,110,199,10,0,22,,,*7O
Clyde McCullough,31,CHC,NL,69,188,172,10,36,4,2,1,7,0,,15,25,0.209,0.273,0.273,0.546,51,47,8,0,1,,,2
Mickey McDermott*,19,BOS,AL,7,8,8,2,3,1,0,0,0,0,0,0,0,0.375,0.375,0.5,0.875,127,4,0,0,0,,,/1
Mickey McGowan*,26,NYG,NL,3,1,1,0,0,0,0,0,0,0,,0,0,0,0,0,0,-100,0,0,0,0,,,/1
John McHale*,26,DET,AL,1,1,1,0,0,0,0,0,0,0,0,0,0,0,0,0,0,-100,0,0,0,0,,,
Cal McLish#,22,PIT,NL,3,1,1,0,0,0,0,0,0,0,,0,0,0,0,0,0,-100,0,0,0,0,,,/1
George McQuinn*,38,NYY,AL,94,346,302,33,75,11,4,11,41,0,2,40,38,0.248,0.336,0.421,0.757,101,127,5,0,4,,,3
Joe Medwick,36,STL,NL,20,20,19,0,4,0,0,0,2,0,,1,2,0.211,0.25,0.211,0.461,23,4,1,0,0,,,/O
Sammy Meeks,25,WSH,AL,24,35,33,4,4,1,0,0,2,0,0,1,12,0.121,0.147,0.152,0.299,-20,5,1,0,1,,,6/4
Sam Mele,26,BOS,AL,66,198,180,25,42,12,1,2,25,1,1,13,21,0.233,0.292,0.344,0.637,65,62,5,2,3,,,O9/7
Russ Meyer#,24,CHC,NL,29,63,56,1,6,0,1,0,3,0,,0,19,0.107,0.107,0.143,0.25,-31,8,0,0,7,,,1
Cass Michaels,22,CHW,AL,145,558,484,47,120,12,6,5,56,8,2,69,42,0.248,0.344,0.329,0.673,82,159,11,2,3,,,64/8O
Ed Mierkowicz,24,DET,AL,3,7,5,0,1,0,0,0,1,0,0,2,2,0.2,0.429,0.2,0.629,68,1,1,0,0,,,/7O
Larry Miggins,22,STL,NL,1,1,1,1,0,0,0,0,0,0,,0,0,0,0,0,0,-100,0,0,0,0,,,
Eddie Miksis,21,BRO,NL,86,243,221,28,47,7,1,2,16,5,,19,27,0.213,0.278,0.281,0.559,49,62,1,1,3,,,45/6
Eddie Miller,31,PHI,NL,130,495,468,45,115,20,1,14,61,1,,19,40,0.246,0.281,0.382,0.664,80,179,13,4,4,,,*6
Pete Milne*,23,NYG,NL,12,28,27,0,6,0,1,0,2,0,,1,6,0.222,0.25,0.296,0.546,47,8,0,0,0,,,/O879
Paul Minner*,24,BRO,NL,31,23,21,2,4,2,0,0,2,0,,3,3,0.19,0.292,0.286,0.577,54,6,0,0,0,,,1
Dale Mitchell*,26,CLE,AL,141,656,608,82,204,30,8,4,56,13,18,45,17,0.336,0.383,0.431,0.814,119,262,9,2,1,,,*7O/8
Johnny Mize*,35,NYG,NL,152,658,560,110,162,26,4,40,125,4,,94,37,0.289,0.395,0.564,0.959,156,316,7,4,0,,,*3
Terry Moore,36,STL,NL,91,240,207,30,48,11,0,4,18,0,,27,12,0.232,0.321,0.343,0.664,75,71,4,0,6,,,8O
Wally Moses*,37,BOS,AL,78,212,189,26,49,12,1,2,29,5,0,21,19,0.259,0.34,0.365,0.705,84,69,1,2,0,,,O9
Les Moss,23,SLB,AL,107,380,335,35,86,12,1,14,46,0,0,39,50,0.257,0.334,0.424,0.758,99,142,16,0,7,,,*2
Glen Moulder,30,CHW,AL,33,25,20,3,6,0,1,0,1,0,0,1,1,0.3,0.333,0.4,0.733,98,8,0,0,4,,,1
Don Mueller*,21,NYG,NL,36,82,81,12,29,4,1,1,9,0,,0,3,0.358,0.358,0.469,0.827,121,38,3,0,1,,,O7/98
Ray Mueller,36,CIN,NL,14,38,34,2,7,1,0,0,2,0,,4,3,0.206,0.289,0.235,0.525,45,8,1,0,0,,,2
Pat Mullin*,30,DET,AL,138,575,496,91,143,16,11,23,80,1,2,77,57,0.288,0.385,0.504,0.889,132,250,5,1,1,,,*O98
Bob Muncrief,32,CLE,AL,21,22,18,0,2,0,0,0,0,0,0,2,6,0.111,0.2,0.111,0.311,-15,2,1,0,2,,,1
Red Munger,29,STL,NL,39,56,50,2,8,1,1,0,2,0,,4,15,0.16,0.222,0.22,0.442,17,11,2,0,2,,,1
Ray Murray,30,CLE,AL,4,4,4,0,0,0,0,0,0,0,0,0,3,0,0,0,0,-100,0,0,0,0,,,
Danny Murtaugh,30,PIT,NL,146,579,514,56,149,21,5,1,71,10,,60,40,0.29,0.365,0.356,0.721,94,183,8,1,4,,,*4
Stan Musial*,27,STL,NL,155,698,611,135,230,46,18,39,131,7,,79,34,0.376,0.45,0.702,1.152,200,429,18,3,1,,,*O987/3
Sam Nahem,32,PHI,NL,28,14,13,0,2,0,0,0,1,0,,0,4,0.154,0.154,0.154,0.308,-15,2,2,0,0,,,1
Hal Newhouser*,27,DET,AL,39,108,92,6,19,0,1,0,6,0,0,10,14,0.207,0.284,0.228,0.513,36,21,1,0,6,,,1
Bobo Newsom,40,NYG,NL,11,8,7,2,3,0,0,0,0,0,,0,1,0.429,0.429,0.429,0.857,132,3,0,0,1,,,1
Gus Niarhos,27,NYY,AL,83,285,228,41,61,12,2,0,19,1,3,52,15,0.268,0.404,0.338,0.741,99,77,3,0,5,,,2
Bill Nicholson*,33,CHC,NL,143,581,494,68,129,24,5,19,67,2,,81,60,0.261,0.371,0.445,0.816,125,220,5,5,1,,,*O9
Ron Northey*,28,STL,NL,96,288,246,40,79,10,1,13,64,0,,38,25,0.321,0.42,0.528,0.949,149,130,8,4,0,,,O9
Len Okrie,24,WSH,AL,19,43,42,1,10,0,1,0,1,0,0,1,7,0.238,0.256,0.286,0.542,46,12,3,0,0,,,2
Fritz Ostermueller*,40,PIT,NL,23,48,44,1,8,1,0,0,4,0,,1,6,0.182,0.2,0.205,0.405,9,9,1,0,3,,,1
Joe Ostrowski*,31,SLB,AL,26,25,18,2,4,0,0,0,2,0,0,4,5,0.222,0.364,0.222,0.586,57,4,0,0,3,,,1
Johnny Ostrowski,30,BOS,AL,1,1,1,0,0,0,0,0,0,0,0,0,1,0,0,0,0,-100,0,0,0,0,,,
Jimmy Outlaw,35,DET,AL,74,231,198,33,56,12,0,0,25,0,1,31,15,0.283,0.383,0.343,0.726,91,68,8,1,1,,,5O7/9
Stubby Overmire,29,DET,AL,37,16,14,0,1,0,0,0,1,0,0,2,1,0.071,0.188,0.071,0.259,-30,1,2,0,0,,,1
Don Padgett*,36,PHI,NL,36,78,74,3,17,3,0,0,7,0,,3,2,0.23,0.26,0.27,0.53,45,20,1,0,1,,,2
Andy Pafko,27,CHC,NL,142,606,548,82,171,30,2,26,101,3,,50,50,0.312,0.375,0.516,0.891,144,283,13,5,3,,,*5
Joe Page*,30,NYY,AL,55,28,24,3,7,1,2,0,2,0,0,3,4,0.292,0.37,0.5,0.87,131,12,0,0,1,,,1
Satchel Paige,41,CLE,AL,21,25,23,0,2,0,0,0,0,0,0,0,5,0.087,0.087,0.087,0.174,-53,2,0,0,2,,,1
Erv Palica,20,BRO,NL,45,44,39,6,5,1,1,0,3,0,,4,12,0.128,0.209,0.205,0.414,11,8,1,0,1,,,1
Mike Palm,23,BOS,AL,3,3,3,0,0,0,0,0,0,0,0,0,1,0,0,0,0,-100,0,0,0,0,,,/1
Al Papai,31,STL,NL,11,2,2,0,0,0,0,0,0,0,,0,1,0,0,0,0,-100,0,0,0,0,,,1
Frank Papish,30,CHW,AL,32,28,27,1,5,2,0,0,4,0,0,0,6,0.185,0.185,0.259,0.444,19,7,2,0,1,,,1
Mel Parnell*,26,BOS,AL,35,83,80,6,13,1,0,0,8,0,0,1,11,0.163,0.173,0.175,0.348,-9,14,2,0,2,,,1
Roy Partee,30,SLB,AL,82,258,231,14,47,8,1,0,17,2,2,25,21,0.203,0.284,0.247,0.531,41,57,7,1,0,,,2
Ike Pearson,31,CHW,AL,23,12,10,0,2,0,0,0,0,0,0,0,3,0.2,0.2,0.2,0.4,8,2,0,0,2,,,1
Hal Peck*,31,CLE,AL,45,68,63,12,18,3,0,0,8,1,0,4,8,0.286,0.328,0.333,0.662,78,21,0,0,1,,,/O97
Eddie Pellagrini,30,SLB,AL,105,325,290,31,69,8,3,2,27,1,2,34,40,0.238,0.32,0.307,0.627,66,89,5,1,0,,,6
Johnny Pesky*,29,BOS,AL,143,677,565,124,159,26,6,3,55,3,5,99,32,0.281,0.394,0.365,0.759,98,206,10,6,7,,,*5
Kent Peterson,22,CIN,NL,43,38,36,0,5,0,0,0,0,0,,0,7,0.139,0.139,0.139,0.278,-24,5,1,0,2,,,1
Dave Philley#,28,CHW,AL,137,546,488,51,140,28,3,5,42,8,10,50,33,0.287,0.353,0.387,0.74,100,189,11,0,8,,,*O8/7
Jack Phillips,26,NYY,AL,1,2,2,0,0,0,0,0,0,0,0,0,1,0,0,0,0,-100,0,0,0,0,,,/3
Billy Pierce*,21,DET,AL,22,17,17,5,5,0,2,0,2,0,0,0,4,0.294,0.294,0.529,0.824,114,9,0,0,0,,,1
Marino Pieretti,27,TOT,AL,45,47,41,6,7,0,0,0,4,1,1,4,7,0.171,0.244,0.171,0.415,13,7,1,0,1,,,1
Marino Pieretti,27,WSH,AL,13,2,2,1,0,0,0,0,1,1,0,0,1,0,0,0,0,-100,0,0,0,0,,,/1
Marino Pieretti,27,CHW,AL,32,45,39,5,7,0,0,0,3,0,1,4,6,0.179,0.256,0.179,0.435,19,7,1,0,1,,,1
Whitey Platt,27,SLB,AL,123,499,454,57,123,22,10,7,82,1,4,39,51,0.271,0.331,0.41,0.741,95,186,14,2,4,,,*7O
Ray Poat,30,NYG,NL,39,64,56,4,7,2,0,0,7,0,,4,26,0.125,0.183,0.161,0.344,-7,9,1,0,1,,,1
Hugh Poland*,38,CIN,NL,3,3,3,0,1,0,0,0,0,0,,0,0,0.333,0.333,0.333,0.667,83,1,0,0,0,,,
Howie Pollet*,27,STL,NL,38,76,68,6,8,1,0,0,4,0,,3,9,0.118,0.155,0.132,0.287,-23,9,2,0,5,,,1
Bob Porterfield,24,NYY,AL,16,32,24,4,6,0,0,0,1,0,0,1,4,0.25,0.28,0.25,0.53,42,6,1,0,7,,,1
Al Porto*,22,PHI,NL,3,0,0,0,0,0,0,0,0,0,,0,0,,,,,,0,0,0,0,,,/1
Lou Possehl,22,PHI,NL,4,4,4,0,1,0,0,0,1,0,,0,2,0.25,0.25,0.25,0.5,37,1,0,0,0,,,/1
Nels Potter*,36,TOT,MLB,28,40,37,1,14,1,0,0,4,0,0,1,3,0.378,0.395,0.405,0.8,116,15,2,0,2,,,1
Nels Potter*,36,TOT,AL,10,9,8,1,3,0,0,0,1,0,0,1,0,0.375,0.444,0.375,0.819,118,3,1,0,0,,,1
Nels Potter*,36,SLB,AL,2,4,4,1,2,0,0,0,1,0,0,0,0,0.5,0.5,0.5,1,164,2,0,0,0,,,/1
Nels Potter*,36,PHA,AL,8,5,4,0,1,0,0,0,0,0,0,1,0,0.25,0.4,0.25,0.65,74,1,1,0,0,,,/1
Nels Potter*,36,BSN,NL,18,31,29,0,11,1,0,0,3,0,,0,3,0.379,0.379,0.414,0.793,115,12,1,0,2,,,1
Jim Prendergast*,30,BSN,NL,10,5,5,0,0,0,0,0,0,0,,0,3,0,0,0,0,-100,0,0,0,0,,,1
Jerry Priddy,28,SLB,AL,151,657,560,96,166,40,9,8,79,6,5,86,71,0.296,0.391,0.443,0.834,120,248,15,1,10,,,*4
Mel Queen,30,PIT,NL,25,19,17,0,1,0,0,0,0,0,,0,2,0.059,0.059,0.059,0.118,-68,1,0,0,2,,,1
Marv Rackley*,26,BRO,NL,88,304,281,55,92,13,5,0,15,8,,19,25,0.327,0.37,0.409,0.779,107,115,1,0,3,,,O78/9
Ken Raffensberger,30,CIN,NL,40,67,62,2,7,1,0,0,0,0,,2,27,0.113,0.141,0.129,0.27,-26,8,2,0,3,,,1
Bob Ramazzotti,31,BRO,NL,4,3,3,0,0,0,0,0,0,0,,0,1,0,0,0,0,-100,0,0,0,0,,,/54
Willie Ramsdell,32,BRO,NL,27,12,11,0,1,0,0,0,0,0,,0,4,0.091,0.091,0.091,0.182,-51,1,0,0,0,,,1
Vic Raschi,29,NYY,AL,36,90,81,10,19,4,0,0,11,0,0,5,11,0.235,0.279,0.284,0.563,50,23,2,0,4,,,1
Pee Wee Reese,29,BRO,NL,151,655,566,96,155,31,4,9,75,25,,79,63,0.274,0.363,0.39,0.753,100,221,16,0,9,,,*6
Pete Reiser*,29,BRO,NL,64,159,127,17,30,8,2,1,19,4,,29,21,0.236,0.382,0.354,0.736,97,45,2,1,2,,,O7/895
Allie Reynolds,31,NYY,AL,41,92,83,6,16,3,0,1,16,0,0,4,22,0.193,0.23,0.265,0.495,32,22,3,0,5,,,1
Bobby Rhawn,29,NYG,NL,36,51,44,11,12,2,1,1,8,3,,8,6,0.273,0.385,0.432,0.816,120,19,2,0,0,,,6/5
Del Rice,25,STL,NL,100,338,290,24,57,10,1,4,34,1,,37,46,0.197,0.298,0.279,0.578,53,81,6,5,6,,,2
Hal Rice*,24,STL,NL,8,33,31,3,10,1,2,0,3,0,,2,4,0.323,0.364,0.484,0.848,122,15,0,0,0,,,/7O
Marv Rickert*,27,TOT,NL,11,20,19,1,4,0,1,0,2,0,,0,1,0.211,0.25,0.316,0.566,53,6,0,1,0,,,/7
Marv Rickert*,27,CIN,NL,8,6,6,0,1,0,0,0,0,0,,0,0,0.167,0.167,0.167,0.333,-8,1,0,0,0,,,
Marv Rickert*,27,BSN,NL,3,14,13,1,3,0,1,0,2,0,,0,1,0.231,0.286,0.385,0.67,81,5,0,1,0,,,/7O
Elmer Riddle,33,PIT,NL,29,74,64,6,12,1,0,1,5,1,,4,16,0.188,0.235,0.25,0.485,30,16,0,0,6,,,1
Johnny Riddle,42,PIT,NL,10,17,15,1,3,0,0,0,0,0,,1,2,0.2,0.25,0.2,0.45,22,3,1,0,1,,,2
Hank Riebe,26,DET,AL,25,65,62,0,12,0,0,0,5,0,1,3,5,0.194,0.231,0.194,0.424,12,12,3,0,0,,,2
Bill Rigney,30,NYG,NL,113,478,424,72,112,17,3,10,43,4,,47,54,0.264,0.342,0.389,0.731,97,165,9,3,4,,,*4/6
Phil Rizzuto,30,NYY,AL,128,539,464,65,117,13,2,6,50,6,5,60,24,0.252,0.34,0.328,0.668,79,152,6,2,13,,,*6
Robin Roberts#,21,PHI,NL,21,53,44,1,11,2,0,1,5,0,,6,16,0.25,0.34,0.364,0.704,93,16,1,0,3,,,1
Sherry Robertson*,29,WSH,AL,71,215,187,19,46,11,3,2,22,8,0,24,26,0.246,0.335,0.369,0.704,89,69,2,1,3,,,O9/87
Aaron Robinson*,33,CHW,AL,98,373,326,47,82,14,2,8,39,0,1,46,30,0.252,0.344,0.38,0.724,96,124,8,0,1,,,2
Eddie Robinson*,27,CLE,AL,134,540,493,53,125,18,5,16,83,1,0,36,42,0.254,0.307,0.408,0.715,91,201,13,2,9,,,*3
Jackie Robinson,29,BRO,NL,147,648,574,108,170,38,8,12,85,22,,57,37,0.296,0.367,0.453,0.82,117,260,7,7,8,,,*43/5
Preacher Roe,32,BRO,NL,34,66,51,4,5,0,0,0,1,0,,5,14,0.098,0.179,0.098,0.277,-25,5,1,0,9,,,1
Stan Rojek,29,PIT,NL,156,714,641,85,186,27,5,4,51,24,,61,41,0.29,0.355,0.367,0.721,94,235,8,3,8,,,*6
Buddy Rosar,33,PHA,AL,90,349,302,30,77,13,0,4,41,0,2,39,12,0.255,0.344,0.338,0.682,81,102,3,2,6,,,2
Al Rosen,24,CLE,AL,5,5,5,0,1,0,0,0,0,0,0,0,2,0.2,0.2,0.2,0.4,8,1,1,0,0,,,/5
Marv Rotblatt#,20,CHW,AL,7,5,4,0,0,0,0,0,0,0,0,1,2,0,0.2,0,0.2,-43,0,0,0,0,,,/1
Schoolboy Rowe,38,PHI,NL,31,58,52,3,10,0,0,1,4,1,,4,10,0.192,0.25,0.25,0.5,37,13,0,0,2,,,1
Bama Rowell*,32,PHI,NL,77,206,196,15,47,16,2,1,22,2,,8,14,0.24,0.27,0.357,0.627,70,70,3,0,2,,,5O74/9
Bob Rush,22,CHC,NL,38,42,39,1,5,1,0,0,0,0,,0,9,0.128,0.128,0.154,0.282,-22,6,0,0,2,,,1
Jim Russell#,29,BSN,NL,89,375,322,44,85,18,1,9,54,4,,46,31,0.264,0.361,0.41,0.771,109,132,8,3,3,,,O8/7
Connie Ryan,28,BSN,NL,51,148,122,14,26,3,0,0,10,0,,21,16,0.213,0.333,0.238,0.571,57,29,2,1,4,,,4/5
Johnny Sain,30,BSN,NL,43,132,115,11,25,3,1,0,16,0,,1,3,0.217,0.224,0.261,0.485,31,30,4,0,16,,,1
Bill Salkeld*,31,BSN,NL,78,250,198,26,48,8,1,8,28,1,,42,37,0.242,0.378,0.414,0.792,115,82,3,1,9,,,2
Ray Sanders*,31,BSN,NL,5,5,4,0,1,0,0,0,2,0,,1,0,0.25,0.4,0.25,0.65,80,1,1,0,0,,,
Fred Sanford#,28,SLB,AL,43,79,73,9,11,3,0,1,4,0,0,4,17,0.151,0.195,0.233,0.428,12,17,0,0,2,,,1
Hank Sauer,31,CIN,NL,145,597,530,78,138,22,1,35,97,2,,60,85,0.26,0.34,0.504,0.844,129,267,10,4,4,,,*O73
Bob Savage,26,PHA,AL,33,18,13,2,1,0,0,0,0,0,0,3,6,0.077,0.25,0.077,0.327,-11,1,0,0,2,,,1
Carl Sawatski*,20,CHC,NL,2,2,2,0,0,0,0,0,0,0,,0,0,0,0,0,0,-100,0,0,0,0,,,
Jerry Scala*,23,CHW,AL,3,6,6,1,0,0,0,0,0,0,0,0,3,0,0,0,0,-100,0,0,0,0,,,/8O
Ray Scarborough,30,WSH,AL,31,70,64,7,14,3,1,0,9,0,0,0,8,0.219,0.219,0.297,0.516,38,19,2,0,6,,,1
Bob Scheffing,34,CHC,NL,102,317,293,23,88,18,2,5,45,0,,22,27,0.3,0.351,0.427,0.778,114,125,6,1,1,,,2
Carl Scheib,21,PHA,AL,52,112,104,14,31,8,3,2,21,0,0,8,17,0.298,0.348,0.49,0.839,121,51,3,0,0,,,1/O79
Hank Schenz,29,CHC,NL,96,361,337,43,88,17,1,1,14,3,,18,15,0.261,0.306,0.326,0.633,75,110,6,4,2,,,4/5
Johnny Schmitz,27,CHC,NL,34,94,84,3,11,1,1,0,4,0,,3,19,0.131,0.161,0.167,0.328,-9,14,4,0,7,,,1
Red Schoendienst#,25,STL,NL,119,438,408,64,111,21,4,4,36,1,,28,16,0.272,0.319,0.373,0.691,82,152,6,0,2,,,4
Howie Schultz,25,TOT,NL,42,93,85,9,13,0,0,2,10,2,,5,9,0.153,0.2,0.224,0.424,16,19,1,0,3,,,3
Howie Schultz,25,PHI,NL,6,14,13,0,1,0,0,0,1,0,,1,2,0.077,0.143,0.077,0.22,-38,1,0,0,0,,,/3
Howie Schultz,25,CIN,NL,36,79,72,9,12,0,0,2,9,2,,4,7,0.167,0.211,0.25,0.461,26,18,1,0,3,,,3
Joe Schultz*,29,SLB,AL,43,43,37,0,7,0,0,0,9,0,0,6,3,0.189,0.302,0.189,0.492,31,7,1,0,0,,,
Blackie Schwamb,21,SLB,AL,12,11,10,1,3,1,0,0,0,0,0,1,2,0.3,0.364,0.4,0.764,101,4,1,0,0,,,1
Pat Seerey,25,TOT,AL,105,434,363,51,84,11,0,19,70,0,0,68,102,0.231,0.353,0.419,0.771,108,152,10,0,3,,,78/9
Pat Seerey,25,CLE,AL,10,31,23,7,6,0,0,1,6,0,0,7,8,0.261,0.433,0.391,0.825,123,9,2,0,1,,,/O9
Pat Seerey,25,CHW,AL,95,403,340,44,78,11,0,18,64,0,0,61,94,0.229,0.347,0.421,0.767,107,143,8,0,2,,,O78
Andy Seminick,27,PHI,NL,125,459,391,49,88,11,3,13,44,4,,58,68,0.225,0.328,0.368,0.696,91,144,10,2,6,,,*2
Rip Sewell*,41,PIT,NL,21,48,42,5,6,1,0,1,2,0,,6,15,0.143,0.25,0.238,0.488,32,10,0,0,1,,,1
Elmer Sexauer,22,BRO,NL,2,0,0,0,0,0,0,0,0,0,,0,0,,,,,,0,0,0,0,,,/1
Spec Shea,27,NYY,AL,28,58,47,4,7,0,2,0,4,0,0,6,11,0.149,0.259,0.234,0.493,32,11,1,1,5,,,1
Neill Sheridan,26,BOS,AL,2,1,1,0,0,0,0,0,0,0,0,0,1,0,0,0,0,-100,0,0,0,0,,,
Ray Shore,27,SLB,AL,17,9,9,0,0,0,0,0,0,0,0,0,3,0,0,0,0,-100,0,0,0,0,,,1
Clyde Shoun*,36,BSN,NL,36,23,21,2,4,2,0,0,6,0,,0,4,0.19,0.19,0.286,0.476,28,6,0,0,2,,,1
George Shuba*,23,BRO,NL,63,199,161,21,43,6,0,4,32,1,,34,31,0.267,0.395,0.379,0.774,107,61,2,0,4,,,O7/89
Charlie Silvera,23,NYY,AL,4,14,14,1,8,0,1,0,1,0,0,0,1,0.571,0.571,0.714,1.286,242,10,0,0,0,,,/2
Curt Simmons*,19,PHI,NL,31,58,51,3,7,0,0,0,4,0,,3,13,0.137,0.2,0.137,0.337,-6,7,1,1,3,,,1
Elmer Singleton,30,PIT,NL,38,24,23,0,2,0,0,0,2,0,,0,8,0.087,0.087,0.087,0.174,-53,2,0,0,1,,,1
Dick Sisler*,27,PHI,NL,121,502,446,60,122,21,3,11,56,1,,47,46,0.274,0.344,0.408,0.752,105,182,4,1,8,,,*3
Sibby Sisti,27,BSN,NL,83,262,221,30,54,6,2,0,21,0,,31,34,0.244,0.34,0.29,0.63,72,64,4,1,8,,,46
Enos Slaughter*,32,STL,NL,146,637,549,91,176,27,11,11,90,4,,81,29,0.321,0.409,0.47,0.879,131,258,11,1,6,,,*O79
Lefty Sloat,29,BRO,NL,4,2,1,0,0,0,0,0,0,0,,0,1,0,0,0,0,-100,0,0,0,1,,,/1
Roy Smalley,22,CHC,NL,124,387,361,25,78,11,4,4,36,0,,23,76,0.216,0.265,0.302,0.567,56,109,11,1,2,,,*6
Duke Snider*,21,BRO,NL,53,172,160,22,39,6,6,5,21,4,,12,27,0.244,0.297,0.45,0.747,96,72,4,0,0,,,O8/9
Bud Souchock,29,NYY,AL,44,126,118,11,24,3,1,3,11,3,0,7,13,0.203,0.248,0.322,0.57,51,38,4,0,1,,,3
Warren Spahn*,27,BSN,NL,37,103,90,10,15,3,0,1,7,0,,6,24,0.167,0.219,0.233,0.452,23,21,2,0,7,,,1
Stan Spence*,33,BOS,AL,114,476,391,71,92,17,4,12,61,0,2,82,33,0.235,0.368,0.391,0.759,98,153,7,0,4,,,O973
Gerry Staley,27,STL,NL,31,10,9,1,2,0,0,1,1,0,,1,2,0.222,0.3,0.556,0.856,121,5,0,0,1,,,1
Virgil Stallcup,26,CIN,NL,149,566,539,40,123,30,4,3,65,2,,18,52,0.228,0.253,0.315,0.569,55,170,14,0,9,,,*6
Eddie Stanky,32,BSN,NL,67,313,247,49,79,14,2,2,29,3,,61,13,0.32,0.455,0.417,0.872,138,103,5,0,4,,,4
Dick Starr,27,NYY,AL,1,0,0,0,0,0,0,0,0,0,0,0,0,,,,,,0,0,0,0,,,/1
Bryan Stephens,27,SLB,AL,43,40,32,4,4,1,0,0,3,0,0,6,9,0.125,0.263,0.156,0.419,12,5,2,0,2,,,1
Vern Stephens,27,BOS,AL,155,715,635,114,171,25,8,29,137,1,0,77,56,0.269,0.35,0.471,0.821,113,299,25,2,2,,,*6
Chuck Stevens#,29,SLB,AL,85,347,287,34,75,12,4,1,26,2,2,41,26,0.261,0.354,0.341,0.695,84,98,3,0,18,,,3
Ed Stevens*,23,PIT,NL,128,468,429,47,109,19,6,10,69,4,,35,53,0.254,0.313,0.396,0.71,89,170,6,2,3,,,*3
Bud Stewart*,32,TOT,AL,124,464,406,57,113,18,13,7,69,8,9,49,27,0.278,0.359,0.438,0.797,114,178,4,2,8,,,*987
Bud Stewart*,32,NYY,AL,6,5,5,1,1,1,0,0,0,0,0,0,0,0.2,0.2,0.4,0.6,58,2,0,0,0,,,
Bud Stewart*,32,WSH,AL,118,459,401,56,112,17,13,7,69,8,9,49,27,0.279,0.361,0.439,0.8,115,176,4,2,8,,,*O987
Snuffy Stirnweiss,29,NYY,AL,141,609,515,90,130,20,7,3,32,5,4,86,62,0.252,0.36,0.336,0.696,86,173,13,1,8,,,*4
Chuck Stobbs*,18,BOS,AL,6,1,1,0,0,0,0,0,0,0,0,0,0,0,0,0,0,-100,0,0,0,0,,,/1
Nick Strincevich,33,TOT,NL,9,4,4,0,0,0,0,0,0,0,,0,2,0,0,0,0,-100,0,0,0,0,,,/1
Nick Strincevich,33,PIT,NL,3,0,0,0,0,0,0,0,0,0,,0,0,,,,,,0,0,0,0,,,/1
Nick Strincevich,33,PHI,NL,6,4,4,0,0,0,0,0,0,0,,0,2,0,0,0,0,-100,0,0,0,0,,,/1
Lou Stringer,31,BOS,AL,4,11,11,1,1,0,0,1,1,0,0,0,3,0.091,0.091,0.364,0.455,15,4,1,0,0,,,/4
Bobby Sturgeon,28,BSN,NL,34,82,78,10,17,3,1,0,4,0,,4,5,0.218,0.256,0.282,0.538,46,22,2,0,0,,,4/56
Pete Suder,32,PHA,AL,148,594,519,64,125,23,5,7,60,1,3,60,60,0.241,0.321,0.345,0.666,76,179,10,1,13,,,*4
John Sullivan,27,WSH,AL,85,198,173,25,36,4,1,0,12,2,2,22,25,0.208,0.297,0.243,0.54,46,42,1,0,3,,,6/4
Bob Swift,33,DET,AL,113,356,292,23,65,6,0,4,33,1,0,51,29,0.223,0.338,0.284,0.622,64,83,9,0,13,,,*2
Harry Taylor,29,BRO,NL,17,24,22,3,6,1,0,0,3,0,,1,4,0.273,0.304,0.318,0.623,66,7,0,0,2,,,1
Birdie Tebbetts,35,BOS,AL,128,513,446,54,125,26,2,5,68,5,2,62,32,0.28,0.371,0.381,0.752,96,170,22,2,3,,,*2
Forrest Thompson*,30,WSH,AL,46,37,35,4,10,2,1,0,4,0,0,2,4,0.286,0.324,0.4,0.724,94,14,0,0,0,,,1
Jocko Thompson*,31,PHI,NL,2,5,3,1,0,0,0,0,0,0,,2,3,0,0.4,0,0.4,18,0,0,0,0,,,/1
Bobby Thomson,24,NYG,NL,138,507,471,75,117,20,2,16,63,2,,30,77,0.248,0.296,0.401,0.697,86,189,15,2,3,,,*O78/9
Joe Tipton,26,CLE,AL,47,97,90,11,26,3,0,1,13,0,0,4,10,0.289,0.333,0.356,0.689,85,32,0,2,1,,,2
Earl Torgeson*,24,BSN,NL,134,533,438,70,111,23,5,10,67,19,,81,54,0.253,0.372,0.397,0.77,109,174,7,2,10,,,*3
Mike Tresh,34,CHW,AL,39,121,108,10,27,1,0,1,11,0,0,9,9,0.25,0.308,0.287,0.595,61,31,1,0,3,,,2
Ken Trinkle,28,NYG,NL,53,9,8,0,2,0,0,0,1,0,,1,2,0.25,0.333,0.25,0.583,59,2,1,0,0,,,1
Dizzy Trout,33,DET,AL,32,76,69,6,15,3,0,1,2,0,0,5,14,0.217,0.27,0.304,0.575,51,21,2,0,2,,,1
Virgil Trucks,31,DET,AL,43,83,79,6,13,0,1,0,2,0,0,2,14,0.165,0.185,0.19,0.375,-1,15,5,0,2,,,1
Thurman Tucker*,30,CLE,AL,83,274,242,52,63,13,2,1,19,11,2,31,17,0.26,0.347,0.343,0.69,86,83,3,1,0,,,8O
Earl Turner,25,PIT,NL,2,1,1,0,0,0,0,0,0,0,,0,0,0,0,0,0,-100,0,0,0,0,,,/2
Elmer Valo*,27,PHA,AL,113,476,383,72,117,17,4,3,46,10,6,81,13,0.305,0.432,0.394,0.826,119,151,11,4,7,,,*O9
Johnny Van Cuyk*,26,BRO,NL,3,0,0,0,0,0,0,0,0,0,,0,0,,,,,,0,0,0,0,,,/1
Johnny Vander Meer#,33,CIN,NL,41,89,78,6,11,2,0,1,2,0,,7,21,0.141,0.212,0.205,0.417,15,16,1,0,4,,,1
Arky Vaughan*,36,BRO,NL,65,144,123,19,30,3,0,3,22,0,,21,8,0.244,0.354,0.341,0.696,86,42,4,0,0,,,7O/5
Emil Verban,32,TOT,NL,111,445,417,51,112,20,2,1,27,4,,15,12,0.269,0.297,0.333,0.631,73,139,7,2,11,,,*4
Emil Verban,32,PHI,NL,55,192,169,14,39,5,1,0,11,0,,11,5,0.231,0.282,0.272,0.554,52,46,3,1,11,,,4
Emil Verban,32,CHC,NL,56,253,248,37,73,15,1,1,16,4,,4,7,0.294,0.308,0.375,0.683,88,93,4,1,0,,,4
Mickey Vernon*,30,WSH,AL,150,619,558,78,135,27,7,3,48,15,11,54,43,0.242,0.31,0.332,0.641,73,185,17,1,6,,,*3
Sam Vico*,24,DET,AL,144,584,521,50,139,23,9,8,58,2,2,39,39,0.267,0.326,0.392,0.718,88,204,23,7,17,,,*3
Bill Voiselle,29,BSN,NL,37,83,72,2,7,0,0,0,4,0,,4,17,0.097,0.145,0.097,0.242,-33,7,0,0,7,,,1
Clyde Vollmer,26,TOT,MLB,8,15,14,1,3,0,0,0,0,0,0,1,2,0.214,0.267,0.214,0.481,32,3,1,0,0,,,/89
Clyde Vollmer,26,CIN,NL,7,10,9,0,1,0,0,0,0,0,,1,1,0.111,0.2,0.111,0.311,-13,1,1,0,0,,,/O89
Clyde Vollmer,26,WSH,AL,1,5,5,1,2,0,0,0,0,0,0,0,1,0.4,0.4,0.4,0.8,116,2,0,0,0,,,/8O
Ben Wade,25,CHC,NL,2,2,2,0,0,0,0,0,0,0,,0,1,0,0,0,0,-100,0,0,0,0,,,/1
Hal Wagner*,32,TOT,MLB,57,136,113,10,22,3,0,0,10,1,0,20,11,0.195,0.316,0.221,0.537,43,25,3,0,3,,,2
Hal Wagner*,32,DET,AL,54,132,109,10,22,3,0,0,10,1,0,20,11,0.202,0.326,0.229,0.555,47,25,2,0,3,,,2
Hal Wagner*,32,PHI,NL,3,4,4,0,0,0,0,0,0,0,,0,0,0,0,0,0,-100,0,1,0,0,,,/2
Eddie Waitkus*,28,CHC,NL,139,614,562,87,166,27,10,7,44,11,,43,19,0.295,0.348,0.416,0.764,110,234,12,2,7,,,*37O
Dick Wakefield*,27,DET,AL,110,393,322,50,89,20,5,11,53,0,1,70,55,0.276,0.406,0.472,0.878,130,152,6,0,1,,,7O
Dixie Walker*,37,PIT,NL,129,466,408,39,129,19,3,2,54,1,,52,18,0.316,0.393,0.392,0.786,111,160,7,0,5,,,*O9/78
Harry Walker*,31,PHI,NL,112,368,332,34,97,11,2,2,23,4,,33,30,0.292,0.358,0.355,0.713,96,118,3,1,2,,,O87/395
Rube Walker*,22,CHC,NL,79,196,171,17,47,8,0,5,26,0,,24,17,0.275,0.371,0.409,0.78,115,70,8,2,0,,,2
Jack Wallaesa#,28,CHW,AL,33,49,48,2,9,0,0,1,3,0,0,1,12,0.188,0.204,0.25,0.454,22,12,2,0,0,,,/67O
Junior Walsh,29,PIT,NL,2,2,2,0,0,0,0,0,0,0,,0,0,0,0,0,0,-100,0,0,0,0,,,/1
Bucky Walters,39,CIN,NL,7,15,15,1,4,0,0,0,2,0,,0,2,0.267,0.267,0.267,0.533,47,4,1,0,0,,,/1
Preston Ward*,20,BRO,NL,42,162,146,9,38,9,2,1,21,0,,15,23,0.26,0.329,0.37,0.699,86,54,0,0,1,,,3
Red Webb*,23,NYG,NL,5,11,9,0,2,0,0,0,1,0,,0,1,0.222,0.222,0.222,0.444,20,2,0,0,2,,,/1
Skeeter Webb,38,PHA,AL,23,55,54,5,8,2,0,0,3,0,0,0,9,0.148,0.148,0.185,0.333,-12,10,2,0,1,,,/46
Les Webber,33,CLE,AL,1,0,0,0,0,0,0,0,0,0,0,0,0,,,,,,0,0,0,0,,,/1
Herm Wehmeier,21,CIN,NL,36,59,55,4,5,1,0,0,2,0,,1,13,0.091,0.107,0.109,0.216,-41,6,1,0,3,,,1
Ralph Weigel,26,CHW,AL,66,179,163,8,38,7,3,0,26,1,2,13,18,0.233,0.294,0.313,0.607,64,51,5,1,2,,,2/7O
Dick Weik,20,WSH,AL,3,4,4,1,3,0,1,0,0,0,0,0,0,0.75,0.75,1.25,2,433,5,0,0,0,,,/1
Bob Wellman,22,PHA,AL,4,13,10,1,2,0,1,0,0,0,0,3,2,0.2,0.385,0.4,0.785,108,4,0,0,0,,,/3O9
Dick Welteroth,20,WSH,AL,33,10,10,1,1,0,0,0,0,0,0,0,4,0.1,0.1,0.1,0.2,-46,1,0,0,0,,,1
Butch Wensloff,32,CLE,AL,1,0,0,0,0,0,0,0,0,0,0,0,0,,,,,,0,0,0,0,,,/1
Vic Wertz*,23,DET,AL,119,449,391,49,97,19,9,7,67,0,0,48,70,0.248,0.335,0.396,0.731,92,155,5,3,6,,,O79/8
Max West*,31,PIT,NL,87,174,146,19,26,4,0,8,21,1,,27,29,0.178,0.31,0.37,0.68,82,54,4,1,0,,,3O9/7
Wally Westlake,27,PIT,NL,132,479,428,78,122,10,6,17,65,2,,46,40,0.285,0.36,0.456,0.815,117,195,10,4,1,,,*O89/7
Wes Westrum,25,NYG,NL,66,145,125,14,20,3,1,4,16,3,,20,36,0.16,0.276,0.296,0.572,54,37,1,0,0,,,2
Don White,29,PHA,AL,86,280,253,29,62,14,2,1,28,0,1,19,16,0.245,0.303,0.328,0.631,67,83,6,2,6,,,O759/8
Ernie White,31,BSN,NL,16,3,3,0,0,0,0,0,0,0,,0,2,0,0,0,0,-100,0,0,0,0,,,1
Hal White,29,DET,AL,27,15,13,1,2,1,0,0,1,0,0,2,6,0.154,0.267,0.231,0.497,31,3,0,0,0,,,1
Dick Whitman*,27,BRO,NL,60,183,165,24,48,13,0,0,20,4,,14,12,0.291,0.346,0.37,0.716,91,61,3,0,4,,,O97/8
Frank Whitman,23,CHW,AL,3,6,6,0,0,0,0,0,0,0,0,0,3,0,0,0,0,-100,0,0,0,0,,,/6
Al Widmar,23,SLB,AL,49,11,10,1,3,1,0,0,0,0,0,1,4,0.3,0.364,0.4,0.764,101,4,0,0,0,,,1
Bill Wight*,26,CHW,AL,34,79,73,2,6,0,0,0,3,0,0,3,31,0.082,0.13,0.082,0.212,-42,6,1,1,3,,,1
Del Wilber,29,STL,NL,27,64,58,5,11,2,0,0,10,0,,4,9,0.19,0.242,0.224,0.466,24,13,3,0,2,,,2
Ted Wilks,32,STL,NL,57,36,30,1,5,1,0,0,4,0,,3,7,0.167,0.242,0.2,0.442,18,6,0,0,3,,,1
Dewey Williams,32,CIN,NL,48,108,95,9,16,2,0,1,5,0,,10,18,0.168,0.248,0.221,0.469,29,21,1,0,3,,,2
Ted Williams*,29,BOS,AL,137,638,509,124,188,44,3,25,127,4,0,126,41,0.369,0.497,0.615,1.112,189,313,10,3,0,,,*7O
Grady Wilson,25,PIT,NL,12,10,10,1,1,1,0,0,1,0,,0,3,0.1,0.1,0.2,0.3,-21,2,0,0,0,,,/6
Jim Wilson,26,SLB,AL,4,0,0,0,0,0,0,0,0,0,0,0,0,,,,,,0,0,0,0,,,/1
Ken Wood,23,SLB,AL,10,26,24,2,2,0,1,0,2,0,0,1,4,0.083,0.12,0.167,0.287,-25,4,2,0,1,,,/O9
Junior Wooten,24,WSH,AL,88,291,258,34,66,8,3,1,23,2,1,24,21,0.256,0.324,0.322,0.646,74,83,4,2,7,,,O89/31
Ed Wright,29,BSN,NL,3,0,0,0,0,0,0,0,0,0,,0,0,,,,,,0,0,0,0,,,/1
Taffy Wright*,36,CHW,AL,134,499,455,50,127,15,6,4,61,2,1,38,18,0.279,0.341,0.365,0.706,91,166,13,5,1,,,*O9/7
Tom Wright*,24,BOS,AL,3,2,2,1,1,0,1,0,0,0,0,0,0,0.5,0.5,1.5,2,409,3,0,0,0,,,
Early Wynn#,28,WSH,AL,73,120,106,9,23,3,1,0,16,0,0,14,22,0.217,0.308,0.264,0.572,55,28,4,0,0,,,1
Johnny Wyrostek*,28,CIN,NL,136,567,512,74,140,24,9,17,76,7,,52,63,0.273,0.344,0.455,0.799,117,233,5,3,0,,,*O8
Ray Yochim,25,STL,NL,1,0,0,0,0,0,0,0,0,0,,0,0,,,,,,0,0,0,0,,,/1
Rudy York,34,PHA,AL,31,58,51,4,8,0,0,0,6,0,0,7,15,0.157,0.259,0.157,0.415,11,8,2,0,0,,,3
Eddie Yost,21,WSH,AL,145,648,555,74,138,32,11,2,50,4,3,82,51,0.249,0.349,0.357,0.706,90,198,15,4,7,,,*5
Babe Young*,32,TOT,NL,90,277,241,25,57,12,4,2,25,0,,35,18,0.237,0.333,0.344,0.678,83,83,3,0,1,,,3/9
Babe Young*,32,CIN,NL,49,150,130,11,30,7,2,1,12,0,,19,12,0.231,0.329,0.338,0.667,83,44,0,0,1,,,3/O9
Babe Young*,32,STL,NL,41,127,111,14,27,5,2,1,13,0,,16,6,0.243,0.339,0.351,0.69,82,39,3,0,0,,,3
Bobby Young*,23,STL,NL,3,1,1,0,0,0,0,0,0,0,,0,1,0,0,0,0,-100,0,0,0,0,,,/5
Sal Yvars,24,NYG,NL,15,42,38,4,8,1,0,1,6,0,,3,1,0.211,0.286,0.316,0.602,62,12,1,1,0,,,2
Al Zarilla*,29,SLB,AL,144,596,529,77,174,39,3,12,74,11,6,48,48,0.329,0.389,0.482,0.871,129,255,8,4,15,,,*O987
Benny Zientara,30,CIN,NL,74,203,187,17,35,1,2,0,7,0,,12,11,0.187,0.236,0.214,0.45,24,40,8,0,5,,,4/56
Sam Zoldak*,29,TOT,AL,34,62,58,3,11,2,0,0,2,1,0,1,9,0.19,0.203,0.224,0.428,14,13,2,0,3,,,1
Sam Zoldak*,29,SLB,AL,11,23,22,3,6,1,0,0,2,1,0,0,3,0.273,0.273,0.318,0.591,55,7,0,0,1,,,1
Sam Zoldak*,29,CLE,AL,23,39,36,0,5,1,0,0,0,0,0,1,6,0.139,0.162,0.167,0.329,-11,6,2,0,2,,,1
